Name;Dataset;z;d;Ang;N [cm^-2];b [km/s];zfit
G196_2.2;RD0196;2.2;0;0;1.12E+21;299.9979374;2.191602763
G_1;RD0196;2.2;2;0;2.47E+20;299.9991201;2.196262391
G_2;RD0196;2.2;2;18;1.00E+22;299.997034;2.197368324
G_3;RD0196;2.2;2;36;4.74E+21;299.9981361;2.198805693
G_4;RD0196;2.2;2;54;3.90E+21;299.9901557;2.199497685
G_5;RD0196;2.2;2;72;2.47E+20;299.9988036;2.196882037
G_6;RD0196;2.2;2;90;3.87E+21;299.9946068;2.199992981
G_7;RD0196;2.2;2;108;2.44E+20;299.9986145;2.198474086
G_8;RD0196;2.2;2;126;4.24E+21;284.0365122;2.200316002
G_9;RD0196;2.2;2;144;6.35E+21;221.9444372;2.200383959
G_10;RD0196;2.2;2;162;1.87E+21;299.9976563;2.200264109
G_11;RD0196;2.2;4;0;1.69E+21;187.2180969;2.199700364
G_12;RD0196;2.2;4;18;9.65E+20;299.9996227;2.199501241
G_13;RD0196;2.2;4;36;7.03E+20;131.4303642;2.199938161
G_14;RD0196;2.2;4;54;6.50E+20;150.2709083;2.201158215
G_15;RD0196;2.2;4;72;5.95E+20;299.9983555;2.201576199
G_16;RD0196;2.2;4;90;8.48E+20;111.163847;2.199359945
G_17;RD0196;2.2;4;108;9.43E+20;299.9990639;2.200786146
G_18;RD0196;2.2;4;126;5.91E+20;299.997602;2.20114851
G_19;RD0196;2.2;4;144;2.09E+21;158.1507235;2.200589733
G_20;RD0196;2.2;4;162;1.17E+21;62.94198072;2.199762789
G_21;RD0196;2.2;6;0;3.50E+21;299.9975503;2.199683434
G_22;RD0196;2.2;6;18;6.89E+19;70.28236093;2.199435413
G_23;RD0196;2.2;6;36;4.88E+19;121.2194596;2.200319831
G_24;RD0196;2.2;6;54;1.23E+20;123.5833258;2.200016136
G_25;RD0196;2.2;6;72;1.59E+21;187.4495381;2.200507308
G_26;RD0196;2.2;6;90;4.05E+20;51.31463017;2.201730162
G_27;RD0196;2.2;6;108;1.14E+19;1.000136794;2.199258457
G_28;RD0196;2.2;6;126;1.60E+19;60.05821075;2.199962866
G_29;RD0196;2.2;6;144;4.99E+20;299.9986989;2.200145863
G_30;RD0196;2.2;6;162;2.25E+21;299.9992122;2.199631819
G_31;RD0196;2.2;8;0;3.86E+20;64.00869839;2.199740166
G_32;RD0196;2.2;8;18;2.87E+20;65.57774653;2.199415991
G_33;RD0196;2.2;8;36;6.71E+20;46.24511148;2.19957562
G_34;RD0196;2.2;8;54;8.19E+19;88.81693368;2.200738988
G_35;RD0196;2.2;8;72;5.95E+20;151.6634877;2.200804098
G_36;RD0196;2.2;8;90;4.61E+20;128.4891964;2.199628242
G_37;RD0196;2.2;8;108;3.62E+19;70.74339928;2.200686563
G_38;RD0196;2.2;8;126;3.83E+19;53.30250794;2.199781406
G_39;RD0196;2.2;8;144;7.49E+20;65.1889669;2.199151396
G_40;RD0196;2.2;8;162;3.17E+20;35.29076218;2.199561927
G_41;RD0196;2.2;10;0;2.40E+20;66.12598958;2.199665227
G_42;RD0196;2.2;10;18;1.72E+20;77.97358728;2.19887744
G_43;RD0196;2.2;10;36;2.91E+16;299.9978717;2.199130841
G_44;RD0196;2.2;10;54;4.37E+20;137.1616538;2.200071494
G_45;RD0196;2.2;10;72;7.05E+20;167.259924;2.203781917
G_46;RD0196;2.2;10;90;2.58E+18;102.8594112;2.200912106
G_47;RD0196;2.2;10;108;1.68E+19;52.9082323;2.199612847
G_48;RD0196;2.2;10;126;3.56E+20;48.08308736;2.199246158
G_49;RD0196;2.2;10;144;1.65E+20;66.39071717;2.199333974
G_50;RD0196;2.2;10;162;7.43E+19;58.46955658;2.199776976
G_51;RD0196;2.2;12;0;8.06E+17;52.06051532;2.199300664
G_52;RD0196;2.2;12;18;7.89E+19;70.43184432;2.200553943
G_53;RD0196;2.2;12;36;4.27E+20;76.46329276;2.200403186
G_54;RD0196;2.2;12;54;1.88E+20;87.49675596;2.200932181
G_55;RD0196;2.2;12;72;5.75E+20;83.43355889;2.200941223
G_56;RD0196;2.2;12;90;5.30E+18;95.66484468;2.20111063
G_57;RD0196;2.2;12;108;2.19E+19;70.61666682;2.200277912
G_58;RD0196;2.2;12;126;7.46E+19;90.7509356;2.199297741
G_59;RD0196;2.2;12;144;8.92E+18;70.48995542;2.199628242
G_60;RD0196;2.2;12;162;3.53E+18;47.09698129;2.199904979
G_61;RD0196;2.2;14;0;1.79E+18;55.01640183;2.199606783
G_62;RD0196;2.2;14;18;4.74E+17;76.60799435;2.200466994
G_63;RD0196;2.2;14;36;4.18E+20;89.27971699;2.201167207
G_64;RD0196;2.2;14;54;2.16E+16;299.9996113;2.200277587
G_65;RD0196;2.2;14;72;8.78E+18;91.49586694;2.20106174
G_66;RD0196;2.2;14;90;4.59E+19;112.8767773;2.201705572
G_67;RD0196;2.2;14;108;7.77E+17;78.99776494;2.200554726
G_68;RD0196;2.2;14;126;2.05E+18;72.18739053;2.200100985
G_69;RD0196;2.2;14;144;5.46E+19;63.75132021;2.199026807
G_70;RD0196;2.2;14;162;1.69E+18;50.25654956;2.199202702
G_71;RD0196;2.2;16;0;4.23E+13;58.46303398;2.19928409
G_72;RD0196;2.2;16;18;3.84E+18;53.34165526;2.200718465
G_73;RD0196;2.2;16;36;3.07E+18;49.03521986;2.200584727
G_74;RD0196;2.2;16;54;2.47E+19;49.3263694;2.200142242
G_75;RD0196;2.2;16;72;2.85E+18;81.93814274;2.201063981
G_76;RD0196;2.2;16;90;2.30E+19;29.14350449;2.20220471
G_77;RD0196;2.2;16;108;2.55E+18;63.69100555;2.201146948
G_78;RD0196;2.2;16;126;1.00E+18;44.85929284;2.200721023
G_79;RD0196;2.2;16;144;1.38E+18;60.42417331;2.199544628
G_80;RD0196;2.2;16;162;9.27E+17;45.44638607;2.19923405
G_81;RD0196;2.2;18;0;3.37E+13;58.46318504;2.202627048
G_82;RD0196;2.2;18;18;5.05E+17;73.52041397;2.200375927
G_83;RD0196;2.2;18;36;1.97E+17;38.77771462;2.200790086
G_84;RD0196;2.2;18;54;3.43E+19;48.57308089;2.200757574
G_85;RD0196;2.2;18;72;1.22E+18;63.07168869;2.200883027
G_86;RD0196;2.2;18;90;1.04E+17;36.07709137;2.201263039
G_87;RD0196;2.2;18;108;4.29E+17;31.81792512;2.200461358
G_88;RD0196;2.2;18;126;3.40E+17;19.42908205;2.201472262
G_89;RD0196;2.2;18;144;3.17E+17;30.9152275;2.199076063
G_90;RD0196;2.2;18;162;9.89E+17;53.72690027;2.199454719
G_91;RD0196;2.2;20;0;3.13E+13;289.1995601;2.198635553
G_92;RD0196;2.2;20;18;0;0;0
G_93;RD0196;2.2;20;36;1.96E+18;27.72838338;2.201251923
G_94;RD0196;2.2;20;54;1.03E+18;31.28403409;2.199892262
G_95;RD0196;2.2;20;72;6.67E+17;71.98595826;2.201490884
G_96;RD0196;2.2;20;90;1.36E+17;43.5476079;2.200880691
G_97;RD0196;2.2;20;108;6.97E+17;36.50213448;2.200400389
G_98;RD0196;2.2;20;126;2.38E+17;17.26690697;2.200962748
G_99;RD0196;2.2;20;144;1.03E+18;76.00130692;2.199205238
G_100;RD0196;2.2;20;162;5.66E+17;18.28474484;2.200263043
G196_2.3;RD0196;2.3;0;0;5.33E+20;299.9974596;2.291386051
G_101;RD0196;2.3;2;0;5.82E+20;299.9985341;2.296271799
G_102;RD0196;2.3;2;18;4.90E+20;299.998137;2.296699127
G_103;RD0196;2.3;2;36;5.45E+20;299.9995557;2.297906441
G_104;RD0196;2.3;2;54;7.60E+21;299.9983009;2.29956922
G_105;RD0196;2.3;2;72;4.92E+20;299.999036;2.296558922
G_106;RD0196;2.3;2;90;1.95E+21;299.9977643;2.29830001
G_107;RD0196;2.3;2;108;4.17E+20;299.9977445;2.298287407
G_108;RD0196;2.3;2;126;1.76E+21;299.9997433;2.298672507
G_109;RD0196;2.3;2;144;6.56E+21;203.9072294;2.300406079
G_110;RD0196;2.3;2;162;2.39E+21;220.3734523;2.300369471
G_111;RD0196;2.3;4;0;4.91E+20;299.9984281;2.299470225
G_112;RD0196;2.3;4;18;1.08E+21;299.9989798;2.299528305
G_113;RD0196;2.3;4;36;7.27E+20;134.7611577;2.299946834
G_114;RD0196;2.3;4;54;6.74E+20;153.2274037;2.301203784
G_115;RD0196;2.3;4;72;5.62E+20;299.9979906;2.30108147
G_116;RD0196;2.3;4;90;8.79E+20;110.281554;2.299349906
G_117;RD0196;2.3;4;108;9.81E+20;299.9979847;2.300813025
G_118;RD0196;2.3;4;126;6.14E+20;299.9982875;2.301097434
G_119;RD0196;2.3;4;144;1.57E+21;299.9977217;2.300658132
G_120;RD0196;2.3;4;162;5.87E+20;299.9978212;2.299849119
G_121;RD0196;2.3;6;0;4.49E+21;44.38793372;2.299585052
G_122;RD0196;2.3;6;18;7.15E+19;69.45756151;2.29942874
G_123;RD0196;2.3;6;36;5.78E+15;299.9932971;2.300005077
G_124;RD0196;2.3;6;54;1.30E+20;94.32305751;2.299758415
G_125;RD0196;2.3;6;72;5.88E+20;299.998719;2.300577977
G_126;RD0196;2.3;6;90;4.19E+20;50.04932429;2.301794556
G_127;RD0196;2.3;6;108;9.39E+18;1.000583674;2.299192624
G_128;RD0196;2.3;6;126;1.65E+19;58.6144524;2.299989433
G_129;RD0196;2.3;6;144;1.32E+21;96.91364671;2.300223554
G_130;RD0196;2.3;6;162;1.60E+21;299.9992714;2.2995405
G_131;RD0196;2.3;8;0;4.00E+20;66.64646114;2.299741993
G_132;RD0196;2.3;8;18;2.97E+20;67.87802495;2.299407861
G_133;RD0196;2.3;8;36;6.94E+20;45.51065075;2.299572032
G_134;RD0196;2.3;8;54;8.52E+19;102.5246472;2.300830792
G_135;RD0196;2.3;8;72;6.19E+20;150.4926065;2.300839393
G_136;RD0196;2.3;8;90;4.77E+20;132.9541021;2.299624736
G_137;RD0196;2.3;8;108;3.99E+19;78.52864284;2.300833319
G_138;RD0196;2.3;8;126;3.85E+19;73.9511668;2.299993738
G_139;RD0196;2.3;8;144;7.75E+20;67.22487646;2.299134533
G_140;RD0196;2.3;8;162;3.28E+20;34.3792287;2.299558328
G_141;RD0196;2.3;10;0;2.48E+20;68.40091594;2.299664418
G_142;RD0196;2.3;10;18;1.79E+20;76.06847602;2.298847872
G_143;RD0196;2.3;10;36;1.71E+20;123.7622441;2.298936605
G_144;RD0196;2.3;10;54;4.53E+20;137.8666132;2.300082447
G_145;RD0196;2.3;10;72;7.31E+20;169.9956061;2.303910834
G_146;RD0196;2.3;10;90;2.95E+18;99.23677743;2.300939194
G_147;RD0196;2.3;10;108;1.38E+19;62.44351736;2.299948564
G_148;RD0196;2.3;10;126;3.68E+20;43.85221265;2.299231848
G_149;RD0196;2.3;10;144;1.72E+20;65.88517001;2.299321557
G_150;RD0196;2.3;10;162;7.71E+19;58.66233379;2.299778864
G_151;RD0196;2.3;12;0;7.12E+17;57.1835419;2.299354261
G_152;RD0196;2.3;12;18;8.17E+19;71.87617252;2.300584603
G_153;RD0196;2.3;12;36;4.42E+20;77.33674571;2.30042593
G_154;RD0196;2.3;12;54;1.95E+20;88.77040858;2.300972188
G_155;RD0196;2.3;12;72;5.96E+20;80.81983766;2.300980442
G_156;RD0196;2.3;12;90;5.56E+18;96.2148965;2.301049247
G_157;RD0196;2.3;12;108;2.28E+19;68.47131388;2.300294782
G_158;RD0196;2.3;12;126;7.83E+19;87.39089095;2.299280709
G_159;RD0196;2.3;12;144;9.26E+18;69.04971352;2.299653414
G_160;RD0196;2.3;12;162;3.66E+18;46.84968296;2.299918327
G_161;RD0196;2.3;14;0;1.86E+18;54.6927931;2.299591222
G_162;RD0196;2.3;14;18;4.79E+17;77.97425651;2.300541693
G_163;RD0196;2.3;14;36;4.34E+20;91.21671795;2.30121343
G_164;RD0196;2.3;14;54;1.86E+20;92.5394229;2.300366539
G_165;RD0196;2.3;14;72;9.74E+18;88.70459057;2.301072629
G_166;RD0196;2.3;14;90;6.20E+19;58.26928901;2.30273409
G_167;RD0196;2.3;14;108;8.14E+17;78.02860083;2.300631817
G_168;RD0196;2.3;14;126;2.13E+18;72.90728747;2.30009967
G_169;RD0196;2.3;14;144;5.56E+19;76.1929377;2.299011321
G_170;RD0196;2.3;14;162;2.27E+18;53.99107405;2.299035626
G_171;RD0196;2.3;16;0;4.04E+13;57.8423559;2.29929603
G_172;RD0196;2.3;16;18;4.31E+18;51.58248298;2.300747057
G_173;RD0196;2.3;16;36;2.66E+18;53.06800668;2.300760117
G_174;RD0196;2.3;16;54;2.58E+19;48.06991017;2.300157698
G_175;RD0196;2.3;16;72;3.86E+16;115.4208521;2.301127515
G_176;RD0196;2.3;16;90;1.96E+19;82.51616282;2.301529799
G_177;RD0196;2.3;16;108;2.42E+18;63.87083438;2.301243228
G_178;RD0196;2.3;16;126;1.06E+18;41.08110072;2.300837317
G_179;RD0196;2.3;16;144;1.27E+18;63.30489095;2.299445912
G_180;RD0196;2.3;16;162;9.64E+17;44.66015211;2.299234798
G_181;RD0196;2.3;18;0;3.39E+13;57.85213416;2.302720714
G_182;RD0196;2.3;18;18;5.60E+17;71.76053393;2.300417855
G_183;RD0196;2.3;18;36;1.37E+17;32.65216344;2.301024483
G_184;RD0196;2.3;18;54;3.49E+19;61.64812809;2.300787966
G_185;RD0196;2.3;18;72;8.60E+17;69.89404011;2.30107897
G_186;RD0196;2.3;18;90;1.33E+17;34.15098499;2.301283168
G_187;RD0196;2.3;18;108;4.38E+17;30.66145963;2.300483058
G_188;RD0196;2.3;18;126;3.33E+17;19.02041131;2.301507673
G_189;RD0196;2.3;18;144;2.13E+17;35.137765;2.298983153
G_190;RD0196;2.3;18;162;1.00E+18;46.03281056;2.299243487
G_191;RD0196;2.3;20;0;3.96E+13;299.9981814;2.297989458
G_192;RD0196;2.3;20;18;0;0;0
G_193;RD0196;2.3;20;36;8.38E+16;42.0561263;2.301506117
G_194;RD0196;2.3;20;54;7.46E+17;44.93308577;2.299940024
G_195;RD0196;2.3;20;72;4.96E+17;33.37649456;2.302912334
G_196;RD0196;2.3;20;90;9.34E+16;32.6699654;2.301248914
G_197;RD0196;2.3;20;108;7.28E+17;47.50429418;2.300066106
G_198;RD0196;2.3;20;126;7.50E+16;16.04542374;2.301412846
G_199;RD0196;2.3;20;144;3.70E+18;1.000001102;2.299261708
G_200;RD0196;2.3;20;162;5.44E+17;17.12281158;2.300310422
G196_2.4;RD0196;2.4;0;0;1.22E+21;299.9973761;2.389959018
G_201;RD0196;2.4;2;0;8.69E+21;299.997308;2.396702202
G_202;RD0196;2.4;2;18;4.92E+20;299.9982079;2.397429934
G_203;RD0196;2.4;2;36;3.38E+20;299.998346;2.398126333
G_204;RD0196;2.4;2;54;3.96E+21;299.9980176;2.398851627
G_205;RD0196;2.4;2;72;9.94E+21;299.9981598;2.39757496
G_206;RD0196;2.4;2;90;1.63E+21;299.9986825;2.397268026
G_207;RD0196;2.4;2;108;4.74E+20;299.9989476;2.397817114
G_208;RD0196;2.4;2;126;4.51E+21;299.9982213;2.400357942
G_209;RD0196;2.4;2;144;2.26E+21;299.9989611;2.399464664
G_210;RD0196;2.4;2;162;2.14E+21;299.9973643;2.400341142
G_211;RD0196;2.4;4;0;1.00E+21;299.9975773;2.399739254
G_212;RD0196;2.4;4;18;2.25E+21;205.3854651;2.399497744
G_213;RD0196;2.4;4;36;7.52E+20;134.8964074;2.399955575
G_214;RD0196;2.4;4;54;6.97E+20;154.7538313;2.401249299
G_215;RD0196;2.4;4;72;7.57E+20;299.9974603;2.401841657
G_216;RD0196;2.4;4;90;9.09E+20;112.5460586;2.399339701
G_217;RD0196;2.4;4;108;1.49E+21;299.9980462;2.400693275
G_218;RD0196;2.4;4;126;4.49E+20;299.9985009;2.400984365
G_219;RD0196;2.4;4;144;1.54E+21;299.9978546;2.400620147
G_220;RD0196;2.4;4;162;1.25E+21;66.9958462;2.399767837
G_221;RD0196;2.4;6;0;3.00E+21;299.9989836;2.399681001
G_222;RD0196;2.4;6;18;7.42E+19;68.81120414;2.399424067
G_223;RD0196;2.4;6;36;7.15E+19;45.50562843;2.399207754
G_224;RD0196;2.4;6;54;1.34E+20;89.8994531;2.399738829
G_225;RD0196;2.4;6;72;6.65E+20;299.9977022;2.400620217
G_226;RD0196;2.4;6;90;4.34E+20;49.18451924;2.401858849
G_227;RD0196;2.4;6;108;9.50E+18;1.007723354;2.399169732
G_228;RD0196;2.4;6;126;1.71E+19;57.15733404;2.400013384
G_229;RD0196;2.4;6;144;7.03E+20;299.9973103;2.400267292
G_230;RD0196;2.4;6;162;3.49E+21;90.5396337;2.399658277
G_231;RD0196;2.4;8;0;4.14E+20;69.48130011;2.399743804
G_232;RD0196;2.4;8;18;3.07E+20;65.86711406;2.399398153
G_233;RD0196;2.4;8;36;7.16E+20;44.60306251;2.399568401
G_234;RD0196;2.4;8;54;8.63E+19;110.714121;2.401605111
G_235;RD0196;2.4;8;72;6.41E+20;154.465236;2.400873765
G_236;RD0196;2.4;8;90;4.94E+20;131.6425291;2.399622668
G_237;RD0196;2.4;8;108;4.26E+19;65.76384711;2.400822045
G_238;RD0196;2.4;8;126;4.03E+19;71.54297802;2.399999541
G_239;RD0196;2.4;8;144;8.01E+20;74.7919552;2.399117427
G_240;RD0196;2.4;8;162;3.39E+20;34.33217122;2.399553954
G_241;RD0196;2.4;10;0;2.57E+20;71.06875024;2.399663786
G_242;RD0196;2.4;10;18;1.85E+20;73.81630086;2.398817892
G_243;RD0196;2.4;10;36;1.80E+20;114.9113829;2.398839547
G_244;RD0196;2.4;10;54;4.68E+20;140.7728095;2.400089781
G_245;RD0196;2.4;10;72;7.58E+20;170.4402097;2.404038463
G_246;RD0196;2.4;10;90;3.03E+18;98.27073959;2.400960254
G_247;RD0196;2.4;10;108;1.58E+19;67.22438866;2.399719969
G_248;RD0196;2.4;10;126;3.80E+20;43.92526064;2.399220219
G_249;RD0196;2.4;10;144;1.78E+20;64.01794644;2.399309364
G_250;RD0196;2.4;10;162;7.99E+19;59.24667681;2.399782091
G_251;RD0196;2.4;12;0;6.64E+17;58.38056066;2.399303013
G_252;RD0196;2.4;12;18;8.49E+19;70.87374956;2.400615105
G_253;RD0196;2.4;12;36;4.59E+20;70.16732754;2.40044798
G_254;RD0196;2.4;12;54;2.02E+20;89.02678048;2.401011015
G_255;RD0196;2.4;12;72;6.16E+20;84.9581902;2.401018919
G_256;RD0196;2.4;12;90;5.50E+18;96.74089382;2.401002806
G_257;RD0196;2.4;12;108;2.99E+19;55.66111774;2.399954361
G_258;RD0196;2.4;12;126;8.22E+19;83.42835074;2.399243828
G_259;RD0196;2.4;12;144;9.61E+18;67.99553381;2.399678887
G_260;RD0196;2.4;12;162;4.58E+18;51.89299802;2.400109755
G_261;RD0196;2.4;14;0;1.92E+18;54.54535194;2.399567893
G_262;RD0196;2.4;14;18;9.03E+17;66.02340462;2.40017982
G_263;RD0196;2.4;14;36;4.50E+20;88.42954872;2.40125993
G_264;RD0196;2.4;14;54;1.93E+20;92.97303582;2.400391707
G_265;RD0196;2.4;14;72;1.06E+19;87.12964871;2.401096144
G_266;RD0196;2.4;14;90;6.48E+19;56.13966108;2.402833099
G_267;RD0196;2.4;14;108;9.81E+17;76.58000102;2.400716315
G_268;RD0196;2.4;14;126;2.14E+18;73.49282908;2.400083744
G_269;RD0196;2.4;14;144;5.90E+19;60.37277783;2.39898995
G_270;RD0196;2.4;14;162;2.43E+18;52.53827337;2.399050558
G_271;RD0196;2.4;16;0;4.13E+13;58.88664703;2.39927136
G_272;RD0196;2.4;16;18;4.36E+18;50.68034103;2.400795228
G_273;RD0196;2.4;16;36;2.99E+18;58.40620677;2.400659095
G_274;RD0196;2.4;16;54;2.67E+19;53.20152035;2.400097347
G_275;RD0196;2.4;16;72;2.29E+18;87.22104824;2.401267564
G_276;RD0196;2.4;16;90;1.97E+19;67.81231794;2.401530965
G_277;RD0196;2.4;16;108;2.36E+18;64.05106756;2.401322822
G_278;RD0196;2.4;16;126;1.19E+18;38.74109743;2.400910568
G_279;RD0196;2.4;16;144;1.36E+18;61.70062894;2.399467651
G_280;RD0196;2.4;16;162;1.01E+18;43.93854944;2.399232687
G_281;RD0196;2.4;18;0;3.41E+13;57.97054614;2.40281096
G_282;RD0196;2.4;18;18;6.27E+17;70.05433398;2.400456931
G_283;RD0196;2.4;18;36;1.67E+17;35.38154676;2.400919289
G_284;RD0196;2.4;18;54;3.75E+19;46.04823179;2.400824127
G_285;RD0196;2.4;18;72;5.21E+17;72.10551263;2.401109453
G_286;RD0196;2.4;18;90;1.49E+17;32.97410889;2.401313043
G_287;RD0196;2.4;18;108;4.41E+17;29.98890282;2.400487736
G_288;RD0196;2.4;18;126;2.96E+17;18.70198377;2.401541172
G_289;RD0196;2.4;18;144;2.31E+17;33.01228216;2.398960308
G_290;RD0196;2.4;18;162;1.84E+18;21.13489268;2.398425092
G_291;RD0196;2.4;20;0;3.61E+13;299.9987256;2.397494716
G_292;RD0196;2.4;20;18;0;0;0
G_293;RD0196;2.4;20;36;1.05E+17;40.58399936;2.401553501
G_294;RD0196;2.4;20;54;2.17E+18;27.81721251;2.399935381
G_295;RD0196;2.4;20;72;3.84E+18;1.000034452;2.402332469
G_296;RD0196;2.4;20;90;9.69E+16;32.70458837;2.401281657
G_297;RD0196;2.4;20;108;1.31E+18;84.38821951;2.399186953
G_298;RD0196;2.4;20;126;1.21E+17;18.67295801;2.401543402
G_299;RD0196;2.4;20;144;3.09E+18;1.000023561;2.399355464
G_300;RD0196;2.4;20;162;2.41E+17;9.786315891;2.400580936
G196_2.5;RD0196;2.5;0;0;4.93E+20;299.9996664;2.49029763
G_301;RD0196;2.5;2;0;9.34E+21;299.9983157;2.496732677
G_302;RD0196;2.5;2;18;1.09E+21;299.9991846;2.496836792
G_303;RD0196;2.5;2;36;7.33E+21;299.9973791;2.499185471
G_304;RD0196;2.5;2;54;2.04E+21;299.9962288;2.499107618
G_305;RD0196;2.5;2;72;3.50E+20;299.9996951;2.496695845
G_306;RD0196;2.5;2;90;4.64E+21;299.9975931;2.499697942
G_307;RD0196;2.5;2;108;3.29E+20;299.9996474;2.498384431
G_308;RD0196;2.5;2;126;4.68E+21;227.7573387;2.500377471
G_309;RD0196;2.5;2;144;3.80E+21;299.9991086;2.500244786
G_310;RD0196;2.5;2;162;2.03E+21;299.9983959;2.50037288
G_311;RD0196;2.5;4;0;6.06E+20;299.9989831;2.49960239
G_312;RD0196;2.5;4;18;1.08E+21;299.9999188;2.499495845
G_313;RD0196;2.5;4;36;7.77E+20;137.9489469;2.49996438
G_314;RD0196;2.5;4;54;7.22E+20;154.8634579;2.501294912
G_315;RD0196;2.5;4;72;6.34E+20;299.9994841;2.501807871
G_316;RD0196;2.5;4;90;9.38E+20;119.3984053;2.499329717
G_317;RD0196;2.5;4;108;1.92E+21;299.9977914;2.500831117
G_318;RD0196;2.5;4;126;1.32E+21;156.3018984;2.501242758
G_319;RD0196;2.5;4;144;1.92E+21;299.999478;2.500662729
G_320;RD0196;2.5;4;162;1.28E+21;69.34933156;2.499770286
G_321;RD0196;2.5;6;0;1.32E+21;299.9970393;2.498634815
G_322;RD0196;2.5;6;18;7.71E+19;67.67940932;2.499422621
G_323;RD0196;2.5;6;36;7.40E+19;44.9121905;2.499191202
G_324;RD0196;2.5;6;54;1.39E+20;88.0643462;2.499726654
G_325;RD0196;2.5;6;72;8.52E+20;299.9989401;2.500603571
G_326;RD0196;2.5;6;90;4.49E+20;48.84999486;2.501922904
G_327;RD0196;2.5;6;108;1.05E+19;1.000105938;2.499158019
G_328;RD0196;2.5;6;126;1.77E+19;55.65224093;2.500037243
G_329;RD0196;2.5;6;144;1.41E+21;103.9353598;2.500255917
G_330;RD0196;2.5;6;162;3.60E+21;118.0433389;2.499660244
G_331;RD0196;2.5;8;0;4.28E+20;72.43334752;2.499745629
G_332;RD0196;2.5;8;18;3.18E+20;65.52637837;2.499388384
G_333;RD0196;2.5;8;36;7.39E+20;44.94550107;2.499565371
G_334;RD0196;2.5;8;54;1.21E+16;299.9982207;2.501358016
G_335;RD0196;2.5;8;72;6.64E+20;154.828082;2.500908366
G_336;RD0196;2.5;8;90;5.12E+20;131.9733657;2.499621116
G_337;RD0196;2.5;8;108;4.38E+19;75.02979139;2.500886024
G_338;RD0196;2.5;8;126;4.22E+19;69.27733309;2.50000506
G_339;RD0196;2.5;8;144;8.27E+20;79.75010886;2.499100495
G_340;RD0196;2.5;8;162;3.50E+20;33.37555087;2.499550302
G_341;RD0196;2.5;10;0;2.65E+20;72.22522555;2.499662998
G_342;RD0196;2.5;10;18;1.92E+20;73.71238222;2.49879193
G_343;RD0196;2.5;10;36;1.87E+20;111.1259616;2.498815795
G_344;RD0196;2.5;10;54;4.84E+20;142.7311262;2.500103701
G_345;RD0196;2.5;10;72;7.84E+20;172.0850609;2.504166466
G_346;RD0196;2.5;10;90;3.22E+18;98.93507699;2.501110903
G_347;RD0196;2.5;10;108;1.64E+19;65.35666889;2.49972465
G_348;RD0196;2.5;10;126;3.93E+20;44.06296889;2.499206022
G_349;RD0196;2.5;10;144;1.85E+20;61.54546229;2.499296469
G_350;RD0196;2.5;10;162;8.28E+19;59.18304226;2.499784792
G_351;RD0196;2.5;12;0;7.06E+17;53.43578091;2.499202394
G_352;RD0196;2.5;12;18;8.82E+19;68.2622437;2.500643201
G_353;RD0196;2.5;12;36;4.75E+20;70.44772641;2.500470809
G_354;RD0196;2.5;12;54;2.09E+20;89.92328383;2.501049388
G_355;RD0196;2.5;12;72;6.37E+20;89.20057978;2.501058178
G_356;RD0196;2.5;12;90;5.08E+18;93.44677004;2.500968847
G_357;RD0196;2.5;12;108;3.12E+19;53.83749979;2.499952674
G_358;RD0196;2.5;12;126;8.72E+19;60.13034777;2.499058874
G_359;RD0196;2.5;12;144;9.76E+18;67.31968823;2.499710855
G_360;RD0196;2.5;12;162;4.50E+18;54.1251578;2.500024244
G_361;RD0196;2.5;14;0;1.93E+18;54.33102367;2.499530871
G_362;RD0196;2.5;14;18;5.22E+17;75.58492629;2.500523102
G_363;RD0196;2.5;14;36;4.65E+20;91.58749328;2.50130641
G_364;RD0196;2.5;14;54;1.99E+20;98.71988721;2.50040758
G_365;RD0196;2.5;14;72;1.07E+19;88.39492642;2.501176428
G_366;RD0196;2.5;14;90;6.77E+19;54.80347485;2.502928362
G_367;RD0196;2.5;14;108;1.02E+18;76.04698046;2.50079102
G_368;RD0196;2.5;14;126;2.07E+18;73.69804402;2.500076163
G_369;RD0196;2.5;14;144;6.02E+19;71.18692295;2.498977257
G_370;RD0196;2.5;14;162;1.89E+18;51.47450916;2.499086623
G_371;RD0196;2.5;16;0;4.24E+13;59.84565596;2.499241165
G_372;RD0196;2.5;16;18;4.51E+18;66.4153602;2.500215051
G_373;RD0196;2.5;16;36;3.03E+18;58.8411757;2.500746229
G_374;RD0196;2.5;16;54;2.76E+19;55.89197763;2.500140149
G_375;RD0196;2.5;16;72;2.41E+18;85.76270762;2.501265534
G_376;RD0196;2.5;16;90;2.61E+19;1.009093537;2.502467824
G_377;RD0196;2.5;16;108;2.25E+18;63.60530996;2.501386484
G_378;RD0196;2.5;16;126;2.08E+17;61.85211325;2.500548277
G_379;RD0196;2.5;16;144;1.44E+18;60.30454338;2.499486704
G_380;RD0196;2.5;16;162;1.05E+18;43.34855954;2.499229124
G_381;RD0196;2.5;18;0;3.13E+13;54.50036526;2.502949327
G_382;RD0196;2.5;18;18;7.55E+17;69.48831159;2.50044665
G_383;RD0196;2.5;18;36;1.55E+17;29.26222891;2.501140774
G_384;RD0196;2.5;18;54;3.91E+19;44.89922856;2.5008625
G_385;RD0196;2.5;18;72;2.06E+17;75.27393257;2.501173471
G_386;RD0196;2.5;18;90;1.00E+17;32.86186514;2.501337025
G_387;RD0196;2.5;18;108;4.06E+17;42.6091717;2.500738982
G_388;RD0196;2.5;18;126;2.89E+17;18.30401901;2.50157529
G_389;RD0196;2.5;18;144;5.67E+17;25.09722695;2.499149974
G_390;RD0196;2.5;18;162;1.79E+18;18.19325095;2.498317084
G_391;RD0196;2.5;20;0;2.60E+13;299.9976562;2.498534295
G_392;RD0196;2.5;20;18;2.52E+17;1.000051907;2.498414659
G_393;RD0196;2.5;20;36;1.37E+17;39.30695205;2.501594635
G_394;RD0196;2.5;20;54;1.76E+17;48.6713921;2.499971855
G_395;RD0196;2.5;20;72;7.44E+17;71.10307311;2.501696027
G_396;RD0196;2.5;20;90;9.29E+16;31.10202257;2.501362371
G_397;RD0196;2.5;20;108;9.61E+17;70.63955011;2.499676211
G_398;RD0196;2.5;20;126;5.80E+16;18.56486676;2.501563584
G_399;RD0196;2.5;20;144;5.14E+18;1.002613935;2.49921125
G_400;RD0196;2.5;20;162;2.48E+17;9.734335961;2.500599614
G180_2.2;RD0180;2.2;0.4;0;4.34E+21;299.9974724;2.19176696
G_401;RD0180;2.2;17;0;2.12E+19;40.87069873;2.199982041
G_402;RD0180;2.2;17;18;9.48E+19;38.42829289;2.199670251
G_403;RD0180;2.2;17;36;5.29E+18;49.20875374;2.200253519
G_404;RD0180;2.2;17;54;8.46E+18;54.77129953;2.20043521
G_405;RD0180;2.2;17;72;5.98E+19;59.5703681;2.200297828
G_406;RD0180;2.2;17;90;1.54E+19;40.1182402;2.200020717
G_407;RD0180;2.2;17;108;1.94E+15;299.9998396;2.199523119
G_408;RD0180;2.2;17;126;2.09E+18;56.43834334;2.200315257
G_409;RD0180;2.2;17;144;4.79E+17;53.9196854;2.199324346
G_410;RD0180;2.2;17;162;6.37E+17;44.69947696;2.199247593
G_411;RD0180;2.2;34;0;2.42E+17;28.12072284;2.199939362
G_412;RD0180;2.2;34;18;2.51E+17;49.56422541;2.199974757
G_413;RD0180;2.2;34;36;4.94E+17;41.46380844;2.200054451
G_414;RD0180;2.2;34;54;1.90E+17;44.84893932;2.200055704
G_415;RD0180;2.2;34;72;1.46E+16;48.86857629;2.200001301
G_416;RD0180;2.2;34;90;2.57E+17;48.58907081;2.200108855
G_417;RD0180;2.2;34;108;8.03E+17;40.76278375;2.199642295
G_418;RD0180;2.2;34;126;3.17E+18;1.000448737;2.19978792
G_419;RD0180;2.2;34;144;1.05E+17;48.48805582;2.199626973
G_420;RD0180;2.2;34;162;8.43E+16;47.05808449;2.199475662
G_421;RD0180;2.2;51;0;8.99E+17;19.45583868;2.200239458
G_422;RD0180;2.2;51;18;8.62E+17;39.23252118;2.199566714
G_423;RD0180;2.2;51;36;2.68E+17;30.13755936;2.199832822
G_424;RD0180;2.2;51;54;3.14E+17;31.848808;2.199842597
G_425;RD0180;2.2;51;72;1.33E+18;18.10446655;2.200148388
G_426;RD0180;2.2;51;90;3.17E+18;1.002039093;2.19945959
G_427;RD0180;2.2;51;108;8.11E+18;75.90674113;2.198236366
G_428;RD0180;2.2;51;126;1.09E+17;44.71680069;2.199603711
G_429;RD0180;2.2;51;144;1.16E+17;43.94062114;2.19954214
G_430;RD0180;2.2;51;162;3.71E+16;46.17032883;2.199474891
G_431;RD0180;2.2;68;0;1.57E+16;25.17493264;2.199548437
G_432;RD0180;2.2;68;18;4.25E+17;39.41810111;2.199674687
G_433;RD0180;2.2;68;36;1.02E+17;33.22570817;2.200385992
G_434;RD0180;2.2;68;54;9.89E+17;94.42509753;2.198240848
G_435;RD0180;2.2;68;72;9.50E+17;1.000739755;2.19907285
G_436;RD0180;2.2;68;90;5.94E+17;8.751944478;2.199848174
G_437;RD0180;2.2;68;108;1.64E+18;2.774865765;2.199251253
G_438;RD0180;2.2;68;126;1.49E+17;27.83237739;2.199849784
G_439;RD0180;2.2;68;144;3.12E+17;20.49600596;2.199576449
G_440;RD0180;2.2;68;162;5.16E+17;13.92242843;2.199640502
G_441;RD0180;2.2;85;0;4.77E+17;9.268400729;2.199861732
G_442;RD0180;2.2;85;18;2.15E+17;31.35196846;2.199881598
G_443;RD0180;2.2;85;36;1.49E+16;13.88523083;2.199859474
G_444;RD0180;2.2;85;54;6.10E+17;12.16754855;2.19932926
G_445;RD0180;2.2;85;72;4.48E+17;7.681499039;2.200088874
G_446;RD0180;2.2;85;90;2.20E+13;79.56239735;2.200879422
G_447;RD0180;2.2;85;108;3.80E+17;18.63359707;2.199539792
G_448;RD0180;2.2;85;126;1.31E+17;20.30919602;2.199595155
G_449;RD0180;2.2;85;144;5.42E+17;17.95881663;2.199594093
G_450;RD0180;2.2;85;162;4.08E+17;11.38715424;2.199286154
G_451;RD0180;2.2;102;0;2.09E+17;12.72261444;2.199804156
G_452;RD0180;2.2;102;18;3.23E+17;20.12192165;2.200168093
G_453;RD0180;2.2;102;36;4.75E+17;18.9891908;2.200219852
G_454;RD0180;2.2;102;54;2.48E+17;17.64147227;2.20024831
G_455;RD0180;2.2;102;72;4.33E+17;1.00053098;2.19993345
G_456;RD0180;2.2;102;90;1.24E+13;112.8969367;2.199865843
G_457;RD0180;2.2;102;108;5.38E+17;14.95586934;2.199418201
G_458;RD0180;2.2;102;126;1.37E+17;20.8980915;2.199531998
G_459;RD0180;2.2;102;144;1.60E+17;19.38345946;2.199500486
G_460;RD0180;2.2;102;162;3.42E+17;16.44180533;2.198989678
G_461;RD0180;2.2;119;0;5.71E+17;18.21582588;2.1995703
G_462;RD0180;2.2;119;18;2.68E+14;50.55645101;2.199994953
G_463;RD0180;2.2;119;36;0;0;0
G_464;RD0180;2.2;119;54;6.00E+13;63.95377237;2.200385925
G_465;RD0180;2.2;119;72;4.73E+13;66.49650799;2.199925021
G_466;RD0180;2.2;119;90;1.46E+13;79.00767745;2.199931488
G_467;RD0180;2.2;119;108;7.82E+17;1.004438112;2.199528227
G_468;RD0180;2.2;119;126;5.21E+17;13.06749531;2.199374045
G_469;RD0180;2.2;119;144;5.90E+17;1.000447902;2.199274426
G_470;RD0180;2.2;119;162;1.16E+17;14.97623225;2.199371163
G_471;RD0180;2.2;136;0;3.36E+17;13.50283343;2.199730018
G_472;RD0180;2.2;136;18;1.03E+15;31.57831792;2.200181733
G_473;RD0180;2.2;136;36;4.86E+13;58.5200587;2.200364054
G_474;RD0180;2.2;136;54;4.85E+16;16.01413022;2.199043519
G_475;RD0180;2.2;136;72;3.16E+13;60.16215491;2.200033022
G_476;RD0180;2.2;136;90;1.46E+13;85.96776769;2.19975142
G_477;RD0180;2.2;136;108;1.16E+17;16.58464094;2.19941715
G_478;RD0180;2.2;136;126;1.49E+17;16.81133565;2.199442419
G_479;RD0180;2.2;136;144;6.53E+16;17.53032178;2.199429909
G_480;RD0180;2.2;136;162;8.89E+14;30.67864878;2.198914587
G_481;RD0180;2.2;153;0;1.16E+17;18.04334491;2.199621882
G_482;RD0180;2.2;153;18;1.00E+14;41.43386923;2.200134672
G_483;RD0180;2.2;153;36;9.26E+16;17.09211784;2.200287348
G_484;RD0180;2.2;153;54;4.54E+13;79.34216461;2.199920128
G_485;RD0180;2.2;153;72;2.88E+16;21.71361641;2.199563118
G_486;RD0180;2.2;153;90;1.76E+15;30.11621205;2.199559054
G_487;RD0180;2.2;153;108;3.09E+15;28.71974474;2.198977851
G_488;RD0180;2.2;153;126;1.38E+14;37.60016277;2.199276564
G_489;RD0180;2.2;153;144;2.63E+15;27.95992669;2.198938367
G_490;RD0180;2.2;153;162;7.43E+16;8.877240749;2.19917626
G_491;RD0180;2.2;170;0;0;0;0
G_492;RD0180;2.2;170;18;5.25E+13;36.0206254;2.200183187
G_493;RD0180;2.2;170;36;1.67E+17;2.435561086;2.200431309
G_494;RD0180;2.2;170;54;3.72E+13;56.52858944;2.200145253
G_495;RD0180;2.2;170;72;0;0;0
G_496;RD0180;2.2;170;90;2.89E+15;30.24422819;2.199566822
G_497;RD0180;2.2;170;108;0;0;0
G_498;RD0180;2.2;170;126;0;0;0
G_499;RD0180;2.2;170;144;0;0;0
G_500;RD0180;2.2;170;162;1.29E+17;8.404108481;2.198615587
G180_2.3;RD0180;2.3;0.4;0;8.78E+20;299.9975196;2.29318962
G_501;RD0180;2.3;17;0;2.23E+19;39.56245321;2.299990532
G_502;RD0180;2.3;17;18;9.84E+19;36.51582192;2.299669243
G_503;RD0180;2.3;17;36;5.53E+18;48.20813833;2.300278595
G_504;RD0180;2.3;17;54;8.85E+18;44.48077581;2.300604664
G_505;RD0180;2.3;17;72;6.22E+19;59.53619666;2.300317977
G_506;RD0180;2.3;17;90;1.48E+19;48.82930301;2.300243966
G_507;RD0180;2.3;17;108;4.77E+19;71.80362395;2.299393741
G_508;RD0180;2.3;17;126;6.42E+17;70.1783643;2.300724748
G_509;RD0180;2.3;17;144;5.12E+17;53.50628395;2.299303544
G_510;RD0180;2.3;17;162;6.68E+17;43.85440571;2.299250656
G_511;RD0180;2.3;34;0;2.49E+17;26.75830634;2.299980316
G_512;RD0180;2.3;34;18;2.72E+17;48.62447168;2.299994143
G_513;RD0180;2.3;34;36;5.10E+17;40.10692837;2.300088412
G_514;RD0180;2.3;34;54;2.31E+17;43.93890985;2.300054043
G_515;RD0180;2.3;34;72;3.43E+17;39.92243687;2.300111763
G_516;RD0180;2.3;34;90;2.95E+17;47.02074066;2.300133529
G_517;RD0180;2.3;34;108;7.38E+17;39.46717747;2.299721057
G_518;RD0180;2.3;34;126;1.27E+18;27.07116623;2.299874831
G_519;RD0180;2.3;34;144;2.26E+17;44.69733461;2.299622043
G_520;RD0180;2.3;34;162;9.35E+16;49.58027718;2.299378324
G_521;RD0180;2.3;51;0;1.43E+13;45.85799918;2.295393547
G_522;RD0180;2.3;51;18;4.30E+17;40.02743658;2.29957694
G_523;RD0180;2.3;51;36;6.85E+16;28.31103039;2.299735162
G_524;RD0180;2.3;51;54;2.95E+17;31.19691269;2.299842541
G_525;RD0180;2.3;51;72;1.36E+18;17.15461335;2.300165909
G_526;RD0180;2.3;51;90;3.24E+18;1.003269462;2.299429685
G_527;RD0180;2.3;51;108;7.74E+18;73.69587656;2.298263516
G_528;RD0180;2.3;51;126;1.11E+17;43.82352368;2.299615082
G_529;RD0180;2.3;51;144;1.21E+17;42.78070054;2.299559199
G_530;RD0180;2.3;51;162;1.71E+18;27.77984345;2.299265026
G_531;RD0180;2.3;68;0;4.00E+16;14.7565763;2.299789042
G_532;RD0180;2.3;68;18;4.04E+17;31.8962885;2.299883604
G_533;RD0180;2.3;68;36;1.40E+17;40.3821114;2.300128719
G_534;RD0180;2.3;68;54;1.96E+17;41.27064479;2.300141198
G_535;RD0180;2.3;68;72;7.06E+17;1.000174057;2.299107975
G_536;RD0180;2.3;68;90;4.04E+17;17.48293341;2.299627097
G_537;RD0180;2.3;68;108;3.91E+17;31.13844696;2.299323899
G_538;RD0180;2.3;68;126;3.06E+17;21.16884657;2.299616045
G_539;RD0180;2.3;68;144;3.17E+17;19.90768861;2.299599045
G_540;RD0180;2.3;68;162;5.68E+17;1.186560498;2.29961815
G_541;RD0180;2.3;85;0;4.47E+17;15.48377503;2.299695172
G_542;RD0180;2.3;85;18;2.37E+17;30.45415724;2.29990057
G_543;RD0180;2.3;85;36;1.29E+16;13.48362593;2.299889768
G_544;RD0180;2.3;85;54;4.12E+16;11.8104;2.299221773
G_545;RD0180;2.3;85;72;4.28E+17;9.289534802;2.30011333
G_546;RD0180;2.3;85;90;2.22E+13;79.80009153;2.300909079
G_547;RD0180;2.3;85;108;3.78E+17;18.19863124;2.299555611
G_548;RD0180;2.3;85;126;2.70E+14;44.23091752;2.299719903
G_549;RD0180;2.3;85;144;6.06E+17;17.33333795;2.299607191
G_550;RD0180;2.3;85;162;4.87E+17;9.16890708;2.299257204
G_551;RD0180;2.3;102;0;3.89E+17;9.359478603;2.299901266
G_552;RD0180;2.3;102;18;3.32E+17;19.51430927;2.300192269
G_553;RD0180;2.3;102;36;5.25E+17;18.12224768;2.300250215
G_554;RD0180;2.3;102;54;1.26E+16;3.504890528;2.300352689
G_555;RD0180;2.3;102;72;2.89E+17;15.96884032;2.300160336
G_556;RD0180;2.3;102;90;1.26E+13;113.2889267;2.299858559
G_557;RD0180;2.3;102;108;4.84E+17;1.000120544;2.299244798
G_558;RD0180;2.3;102;126;2.27E+14;68.35466588;2.299293054
G_559;RD0180;2.3;102;144;2.41E+17;11.33130861;2.299309161
G_560;RD0180;2.3;102;162;3.51E+17;17.09229624;2.298972528
G_561;RD0180;2.3;119;0;5.54E+17;17.68673034;2.299593067
G_562;RD0180;2.3;119;18;1.32E+18;14.84911258;2.299704527
G_563;RD0180;2.3;119;36;1.35E+16;15.82091301;2.299079496
G_564;RD0180;2.3;119;54;6.02E+13;63.48189264;2.300405048
G_565;RD0180;2.3;119;72;4.74E+13;73.61039753;2.299887941
G_566;RD0180;2.3;119;90;1.41E+13;75.89949022;2.29994281
G_567;RD0180;2.3;119;108;7.43E+17;1.001505857;2.299522741
G_568;RD0180;2.3;119;126;4.30E+17;12.46611673;2.299382362
G_569;RD0180;2.3;119;144;3.92E+17;11.79976909;2.299348879
G_570;RD0180;2.3;119;162;4.97E+15;25.80837842;2.298945181
G_571;RD0180;2.3;136;0;3.57E+17;11.5682028;2.299791366
G_572;RD0180;2.3;136;18;1.89E+14;47.17635765;2.300156796
G_573;RD0180;2.3;136;36;4.83E+13;55.77423008;2.30039703
G_574;RD0180;2.3;136;54;1.35E+16;18.87766005;2.299017205
G_575;RD0180;2.3;136;72;3.03E+13;66.47075002;2.300029517
G_576;RD0180;2.3;136;90;1.52E+13;91.37274534;2.299754783
G_577;RD0180;2.3;136;108;8.79E+16;14.92262852;2.299396587
G_578;RD0180;2.3;136;126;1.56E+17;14.47022603;2.299411233
G_579;RD0180;2.3;136;144;4.71E+16;17.1010141;2.29944375
G_580;RD0180;2.3;136;162;8.32E+13;52.27425557;2.298951956
G_581;RD0180;2.3;153;0;1.14E+17;17.54346829;2.299644729
G_582;RD0180;2.3;153;18;1.01E+14;40.89541688;2.30014836
G_583;RD0180;2.3;153;36;9.20E+16;16.55549039;2.30031446
G_584;RD0180;2.3;153;54;4.52E+13;79.53979796;2.299928148
G_585;RD0180;2.3;153;72;0;0;0
G_586;RD0180;2.3;153;90;1.35E+15;30.0311113;2.299582242
G_587;RD0180;2.3;153;108;3.55E+15;27.30116991;2.29898772
G_588;RD0180;2.3;153;126;1.78E+17;9.575333113;2.299252158
G_589;RD0180;2.3;153;144;2.42E+15;27.26016087;2.298952767
G_590;RD0180;2.3;153;162;5.36E+16;18.92552496;2.298913431
G_591;RD0180;2.3;170;0;4.68E+16;17.95877011;2.299665969
G_592;RD0180;2.3;170;18;5.32E+13;35.41423411;2.300198891
G_593;RD0180;2.3;170;36;1.62E+17;1.002620543;2.300453676
G_594;RD0180;2.3;170;54;3.67E+13;54.38126862;2.300175345
G_595;RD0180;2.3;170;72;4.10E+16;15.87628351;2.299093362
G_596;RD0180;2.3;170;90;0;0;0
G_597;RD0180;2.3;170;108;7.86E+14;31.10331611;2.298950997
G_598;RD0180;2.3;170;126;7.62E+14;31.66843791;2.298957989
G_599;RD0180;2.3;170;144;1.10E+14;42.9100285;2.298875076
G_600;RD0180;2.3;170;162;1.06E+17;9.18561701;2.298615329
G180_2.4;RD0180;2.4;0.4;0;2.33E+21;299.9982672;2.39176247
G_601;RD0180;2.4;17;0;2.35E+19;38.28448254;2.399997905
G_602;RD0180;2.4;17;18;1.02E+20;36.61608784;2.399668115
G_603;RD0180;2.4;17;36;5.77E+18;47.47858642;2.400310242
G_604;RD0180;2.4;17;54;9.05E+18;55.46644764;2.400599692
G_605;RD0180;2.4;17;72;6.45E+19;59.5095755;2.400338686
G_606;RD0180;2.4;17;90;1.71E+19;37.82994295;2.400043846
G_607;RD0180;2.4;17;108;5.10E+19;54.39816181;2.399364581
G_608;RD0180;2.4;17;126;1.53E+18;52.47952785;2.400201676
G_609;RD0180;2.4;17;144;5.22E+17;53.47857777;2.399280233
G_610;RD0180;2.4;17;162;7.07E+17;43.7965176;2.399227113
G_611;RD0180;2.4;34;0;1.61E+17;25.96576456;2.400031466
G_612;RD0180;2.4;34;18;2.97E+17;47.84847916;2.400008612
G_613;RD0180;2.4;34;36;4.53E+17;38.95682806;2.400132409
G_614;RD0180;2.4;34;54;2.60E+17;40.7841286;2.400115558
G_615;RD0180;2.4;34;72;2.21E+17;43.80989719;2.399997344
G_616;RD0180;2.4;34;90;3.45E+17;45.36970861;2.400160724
G_617;RD0180;2.4;34;108;7.58E+17;38.32134796;2.399720175
G_618;RD0180;2.4;34;126;1.54E+18;17.92865467;2.399615859
G_619;RD0180;2.4;34;144;3.98E+16;51.78010296;2.399650731
G_620;RD0180;2.4;34;162;8.92E+16;48.69218356;2.399391426
G_621;RD0180;2.4;51;0;9.67E+17;18.21105995;2.400294303
G_622;RD0180;2.4;51;18;2.23E+17;47.04482469;2.399924739
G_623;RD0180;2.4;51;36;7.95E+16;27.92952605;2.399766926
G_624;RD0180;2.4;51;54;3.66E+17;30.49143199;2.399867338
G_625;RD0180;2.4;51;72;6.83E+17;28.09095452;2.399836548
G_626;RD0180;2.4;51;90;3.39E+18;1.000305433;2.39939088
G_627;RD0180;2.4;51;108;9.85E+17;38.75152473;2.399617516
G_628;RD0180;2.4;51;126;1.13E+17;42.927085;2.399627553
G_629;RD0180;2.4;51;144;1.16E+17;41.93812488;2.399575957
G_630;RD0180;2.4;51;162;1.40E+18;31.4504938;2.39938738
G_631;RD0180;2.4;68;0;3.07E+15;28.46692029;2.399591029
G_632;RD0180;2.4;68;18;4.37E+17;30.9977457;2.399904503
G_633;RD0180;2.4;68;36;1.47E+17;39.53486264;2.400148051
G_634;RD0180;2.4;68;54;1.98E+17;40.43549855;2.400164914
G_635;RD0180;2.4;68;72;5.58E+17;1.000014004;2.399134346
G_636;RD0180;2.4;68;90;3.89E+17;17.7455519;2.399632061
G_637;RD0180;2.4;68;108;4.88E+17;32.82145019;2.399424902
G_638;RD0180;2.4;68;126;2.85E+17;21.83267705;2.399654385
G_639;RD0180;2.4;68;144;3.20E+17;19.35130664;2.399621874
G_640;RD0180;2.4;68;162;5.60E+17;1.497927581;2.39957918
G_641;RD0180;2.4;85;0;7.69E+17;1.000824453;2.399841828
G_642;RD0180;2.4;85;18;2.62E+17;29.59156409;2.399920134
G_643;RD0180;2.4;85;36;3.92E+14;73.00380272;2.399911224
G_644;RD0180;2.4;85;54;4.37E+16;12.92741459;2.399199078
G_645;RD0180;2.4;85;72;3.37E+17;14.42708595;2.400173241
G_646;RD0180;2.4;85;90;2.25E+13;80.57320867;2.400944427
G_647;RD0180;2.4;85;108;3.70E+17;17.64925244;2.399577068
G_648;RD0180;2.4;85;126;1.20E+17;19.06939004;2.399641858
G_649;RD0180;2.4;85;144;5.15E+17;17.35518804;2.399613828
G_650;RD0180;2.4;85;162;4.61E+17;8.980992302;2.399279044
G_651;RD0180;2.4;102;0;3.95E+17;9.737687854;2.399904986
G_652;RD0180;2.4;102;18;3.43E+17;18.9761797;2.400215265
G_653;RD0180;2.4;102;36;5.59E+17;17.32007166;2.400281639
G_654;RD0180;2.4;102;54;2.48E+17;16.35910471;2.400307265
G_655;RD0180;2.4;102;72;2.86E+17;15.269084;2.400177058
G_656;RD0180;2.4;102;90;1.28E+13;114.1099955;2.399849774
G_657;RD0180;2.4;102;108;4.67E+17;1.00013664;2.399255674
G_658;RD0180;2.4;102;126;1.28E+17;19.76390106;2.399573982
G_659;RD0180;2.4;102;144;2.88E+17;9.271541014;2.39928326
G_660;RD0180;2.4;102;162;3.13E+17;17.34003146;2.39897344
G_661;RD0180;2.4;119;0;5.39E+17;17.16634445;2.399616598
G_662;RD0180;2.4;119;18;1.01E+18;22.63872094;2.399827984
G_663;RD0180;2.4;119;36;1.27E+16;11.74196437;2.399212644
G_664;RD0180;2.4;119;54;5.17E+13;53.07284836;2.4005211
G_665;RD0180;2.4;119;72;4.70E+13;76.22847413;2.39988083
G_666;RD0180;2.4;119;90;1.40E+13;74.60897243;2.39994048
G_667;RD0180;2.4;119;108;7.40E+17;1.545628962;2.399521922
G_668;RD0180;2.4;119;126;4.09E+17;9.764880691;2.399338394
G_669;RD0180;2.4;119;144;5.57E+17;1.047228909;2.399306402
G_670;RD0180;2.4;119;162;2.06E+17;18.5990688;2.398960243
G_671;RD0180;2.4;136;0;3.15E+17;12.72983404;2.399777724
G_672;RD0180;2.4;136;18;9.25E+16;19.58305746;2.400245465
G_673;RD0180;2.4;136;36;4.80E+13;53.53579534;2.400427567
G_674;RD0180;2.4;136;54;1.37E+16;18.76595391;2.399028727
G_675;RD0180;2.4;136;72;2.94E+13;71.95987397;2.400023575
G_676;RD0180;2.4;136;90;1.59E+13;97.81532447;2.399741679
G_677;RD0180;2.4;136;108;7.22E+16;12.37258221;2.399350194
G_678;RD0180;2.4;136;126;9.12E+16;15.96120815;2.399476202
G_679;RD0180;2.4;136;144;3.50E+16;13.88224518;2.399378741
G_680;RD0180;2.4;136;162;3.63E+17;1.00110919;2.398938873
G_681;RD0180;2.4;153;0;1.16E+17;16.82105564;2.399673958
G_682;RD0180;2.4;153;18;1.53E+17;16.79136594;2.400213321
G_683;RD0180;2.4;153;36;6.52E+16;17.57844888;2.400306825
G_684;RD0180;2.4;153;54;4.47E+13;79.74929854;2.399937336
G_685;RD0180;2.4;153;72;0;0;0
G_686;RD0180;2.4;153;90;1.13E+15;29.71426765;2.399602324
G_687;RD0180;2.4;153;108;3.93E+15;26.00610938;2.398999381
G_688;RD0180;2.4;153;126;4.46E+15;25.26752283;2.398991891
G_689;RD0180;2.4;153;144;1.28E+14;52.26086917;2.399019262
G_690;RD0180;2.4;153;162;9.49E+15;4.154325069;2.398821039
G_691;RD0180;2.4;170;0;4.94E+16;17.33110328;2.399690669
G_692;RD0180;2.4;170;18;5.39E+13;34.87308526;2.400213993
G_693;RD0180;2.4;170;36;1.61E+17;1.051450651;2.400482745
G_694;RD0180;2.4;170;54;3.61E+13;52.19670386;2.400208297
G_695;RD0180;2.4;170;72;1.78E+16;18.88667223;2.399046762
G_696;RD0180;2.4;170;90;8.72E+14;32.74936394;2.399629648
G_697;RD0180;2.4;170;108;6.92E+14;30.25527936;2.398947349
G_698;RD0180;2.4;170;126;6.54E+14;30.98940624;2.398959568
G_699;RD0180;2.4;170;144;1.10E+14;39.67623619;2.398855862
G_700;RD0180;2.4;170;162;8.83E+16;9.258199116;2.398634353
G180_2.5;RD0180;2.5;0.4;0;8.54E+21;299.9976935;2.49199255
G_701;RD0180;2.5;17;0;2.47E+19;37.06220416;2.500004735
G_702;RD0180;2.5;17;18;1.05E+20;36.83804242;2.499666923
G_703;RD0180;2.5;17;36;5.99E+18;47.0163184;2.500348713
G_704;RD0180;2.5;17;54;9.07E+18;55.65218252;2.500675824
G_705;RD0180;2.5;17;72;6.70E+19;58.66336674;2.500355962
G_706;RD0180;2.5;17;90;1.79E+19;36.23281641;2.50004877
G_707;RD0180;2.5;17;108;5.30E+19;50.29846508;2.499302673
G_708;RD0180;2.5;17;126;1.22E+18;71.91535056;2.500813177
G_709;RD0180;2.5;17;144;5.13E+17;54.46500249;2.49923601
G_710;RD0180;2.5;17;162;7.37E+17;44.34134582;2.499184242
G_711;RD0180;2.5;34;0;9.37E+16;35.06528517;2.499759172
G_712;RD0180;2.5;34;18;3.27E+17;47.24730917;2.5000175
G_713;RD0180;2.5;34;36;5.27E+17;40.13385113;2.500071135
G_714;RD0180;2.5;34;54;2.91E+17;39.552781;2.500154579
G_715;RD0180;2.5;34;72;1.72E+16;48.4185846;2.500021281
G_716;RD0180;2.5;34;90;2.88E+17;45.54506781;2.500168117
G_717;RD0180;2.5;34;108;8.01E+17;37.37144374;2.499736706
G_718;RD0180;2.5;34;126;1.49E+18;17.58894269;2.499632539
G_719;RD0180;2.5;34;144;2.86E+17;42.34728054;2.499637634
G_720;RD0180;2.5;34;162;8.87E+16;47.90255646;2.499398887
G_721;RD0180;2.5;51;0;1.00E+18;17.66103975;2.500321583
G_722;RD0180;2.5;51;18;1.84E+18;1.002868425;2.499035017
G_723;RD0180;2.5;51;36;3.74E+17;27.10735099;2.499871611
G_724;RD0180;2.5;51;54;7.27E+17;32.10337841;2.499761186
G_725;RD0180;2.5;51;72;7.72E+17;27.51916468;2.499881504
G_726;RD0180;2.5;51;90;3.09E+18;1.000364969;2.499425147
G_727;RD0180;2.5;51;108;1.02E+18;37.79093021;2.499636106
G_728;RD0180;2.5;51;126;6.89E+15;55.8568178;2.499646847
G_729;RD0180;2.5;51;144;1.61E+17;31.43096751;2.499333668
G_730;RD0180;2.5;51;162;1.60E+18;27.18620069;2.499285447
G_731;RD0180;2.5;68;0;3.02E+16;18.28409736;2.499719913
G_732;RD0180;2.5;68;18;3.98E+17;30.41097673;2.499927238
G_733;RD0180;2.5;68;36;1.55E+17;38.6733387;2.500168603
G_734;RD0180;2.5;68;54;2.00E+17;39.62996437;2.500189283
G_735;RD0180;2.5;68;72;5.20E+17;1.00025101;2.499129564
G_736;RD0180;2.5;68;90;3.93E+17;17.40718833;2.499648488
G_737;RD0180;2.5;68;108;5.01E+17;29.09348182;2.499341719
G_738;RD0180;2.5;68;126;2.06E+17;34.87377507;2.499555714
G_739;RD0180;2.5;68;144;1.65E+17;19.73953462;2.499645653
G_740;RD0180;2.5;68;162;5.42E+17;1.000131866;2.499537435
G_741;RD0180;2.5;85;0;9.14E+16;19.46963036;2.499651548
G_742;RD0180;2.5;85;18;2.85E+17;28.78644283;2.499940249
G_743;RD0180;2.5;85;36;4.02E+14;72.80860495;2.499906768
G_744;RD0180;2.5;85;54;3.14E+15;27.98230733;2.498950114
G_745;RD0180;2.5;85;72;1.52E+17;17.30419147;2.500287353
G_746;RD0180;2.5;85;90;2.28E+13;81.33737762;2.50096995
G_747;RD0180;2.5;85;108;3.57E+17;17.20449159;2.499597611
G_748;RD0180;2.5;85;126;1.16E+17;18.6446502;2.499660197
G_749;RD0180;2.5;85;144;5.52E+17;16.74459671;2.499625577
G_750;RD0180;2.5;85;162;2.69E+14;48.38255583;2.499232938
G_751;RD0180;2.5;102;0;3.24E+17;5.474708422;2.500033446
G_752;RD0180;2.5;102;18;5.69E+16;29.51295074;2.499980756
G_753;RD0180;2.5;102;36;5.73E+17;16.58188734;2.500314231
G_754;RD0180;2.5;102;54;2.51E+17;15.7463003;2.500336651
G_755;RD0180;2.5;102;72;2.77E+17;14.95787233;2.500204305
G_756;RD0180;2.5;102;90;1.29E+13;114.1384578;2.499845748
G_757;RD0180;2.5;102;108;4.90E+17;1.003677169;2.499265763
G_758;RD0180;2.5;102;126;6.85E+17;8.460035831;2.499319837
G_759;RD0180;2.5;102;144;2.66E+17;9.087120882;2.499308753
G_760;RD0180;2.5;102;162;2.77E+17;17.21110752;2.498986902
G_761;RD0180;2.5;119;0;5.24E+17;16.66642625;2.499640621
G_762;RD0180;2.5;119;18;9.00E+17;5.796367591;2.499896713
G_763;RD0180;2.5;119;36;1.08E+16;15.04921303;2.499123278
G_764;RD0180;2.5;119;54;5.33E+13;54.97502971;2.500527564
G_765;RD0180;2.5;119;72;4.69E+13;79.93995359;2.499861886
G_766;RD0180;2.5;119;90;1.38E+13;72.60465832;2.49993662
G_767;RD0180;2.5;119;108;7.36E+17;1.000010306;2.499518961
G_768;RD0180;2.5;119;126;3.43E+17;9.541372985;2.499353694
G_769;RD0180;2.5;119;144;5.21E+17;1.79253838;2.499318003
G_770;RD0180;2.5;119;162;1.82E+17;18.1860257;2.498981879
G_771;RD0180;2.5;136;0;3.32E+17;11.93369639;2.499809107
G_772;RD0180;2.5;136;18;9.67E+16;19.01846633;2.500270297
G_773;RD0180;2.5;136;36;4.79E+13;51.50772327;2.500456719
G_774;RD0180;2.5;136;54;1.13E+16;18.85170498;2.499043772
G_775;RD0180;2.5;136;72;2.97E+13;83.79715013;2.499964145
G_776;RD0180;2.5;136;90;1.69E+13;104.7102495;2.499708384
G_777;RD0180;2.5;136;108;1.59E+14;55.08287027;2.499141883
G_778;RD0180;2.5;136;126;7.42E+16;14.6949615;2.499467126
G_779;RD0180;2.5;136;144;2.94E+15;25.39914798;2.499016466
G_780;RD0180;2.5;136;162;2.63E+17;1.00328261;2.498908727
G_781;RD0180;2.5;153;0;1.16E+17;16.30998904;2.499698626
G_782;RD0180;2.5;153;18;1.45E+17;16.49310103;2.500239854
G_783;RD0180;2.5;153;36;5.07E+16;17.61847658;2.500325846
G_784;RD0180;2.5;153;54;4.43E+13;81.06736098;2.499942334
G_785;RD0180;2.5;153;72;1.19E+16;20.86922391;2.499014845
G_786;RD0180;2.5;153;90;1.36E+17;17.83531951;2.499648008
G_787;RD0180;2.5;153;108;3.39E+15;25.46395699;2.499013646
G_788;RD0180;2.5;153;126;1.16E+16;22.27952628;2.499003724
G_789;RD0180;2.5;153;144;6.77E+14;30.09388559;2.498982891
G_790;RD0180;2.5;153;162;4.18E+16;17.901191;2.498946129
G_791;RD0180;2.5;170;0;5.15E+16;16.79701221;2.499714105
G_792;RD0180;2.5;170;18;5.46E+13;34.37566292;2.500229517
G_793;RD0180;2.5;170;36;1.57E+17;1.037963169;2.500512288
G_794;RD0180;2.5;170;54;3.53E+13;50.07234615;2.500243258
G_795;RD0180;2.5;170;72;1.48E+16;18.51554162;2.499069829
G_796;RD0180;2.5;170;90;8.73E+14;31.71155064;2.499641749
G_797;RD0180;2.5;170;108;2.40E+15;24.75297375;2.498950482
G_798;RD0180;2.5;170;126;1.84E+14;39.10002376;2.498948817
G_799;RD0180;2.5;170;144;1.10E+14;36.96005218;2.498843302
G_800;RD0180;2.5;170;162;2.15E+16;18.71877404;2.498909251
G165_2.2;RD0165;2.2;0;0;2.47E+20;299.9989897;2.196884376
G_801;RD0165;2.2;30;0;1.82E+17;65.36125077;2.199757018
G_802;RD0165;2.2;30;18;4.86E+17;65.70604173;2.199604443
G_803;RD0165;2.2;30;36;1.37E+18;52.10272578;2.199582068
G_804;RD0165;2.2;30;54;3.19E+17;46.43416118;2.199943483
G_805;RD0165;2.2;30;72;6.08E+17;48.6803349;2.199949679
G_806;RD0165;2.2;30;90;5.16E+19;48.33369263;2.199814726
G_807;RD0165;2.2;30;108;3.86E+17;62.87109907;2.19940431
G_808;RD0165;2.2;30;126;4.83E+17;58.55668125;2.199543966
G_809;RD0165;2.2;30;144;2.33E+17;59.62810201;2.199619816
G_810;RD0165;2.2;30;162;7.97E+18;35.89720514;2.197578296
G_811;RD0165;2.2;60;0;3.22E+17;34.26595281;2.199854096
G_812;RD0165;2.2;60;18;3.32E+18;81.01867046;2.198264574
G_813;RD0165;2.2;60;36;1.92E+16;51.34290113;2.199879923
G_814;RD0165;2.2;60;54;3.30E+17;40.33524086;2.199970956
G_815;RD0165;2.2;60;72;1.10E+17;44.31670021;2.199665328
G_816;RD0165;2.2;60;90;7.11E+17;22.02968933;2.200285975
G_817;RD0165;2.2;60;108;3.20E+16;55.40307658;2.199432575
G_818;RD0165;2.2;60;126;6.49E+17;40.49237534;2.199531222
G_819;RD0165;2.2;60;144;9.72E+17;37.35567942;2.199586898
G_820;RD0165;2.2;60;162;2.56E+17;43.66985342;2.199512647
G_821;RD0165;2.2;90;0;2.22E+17;27.91776915;2.199874045
G_822;RD0165;2.2;90;18;3.18E+17;21.93776832;2.200189275
G_823;RD0165;2.2;90;36;1.61E+17;10.26686889;2.200542454
G_824;RD0165;2.2;90;54;4.15E+16;21.68384595;2.200834506
G_825;RD0165;2.2;90;72;5.16E+17;11.40301238;2.200019395
G_826;RD0165;2.2;90;90;1.52E+17;10.76047112;2.200543586
G_827;RD0165;2.2;90;108;2.93E+17;10.26916125;2.199233356
G_828;RD0165;2.2;90;126;2.92E+17;10.860008;2.199251982
G_829;RD0165;2.2;90;144;2.76E+18;1.001640437;2.199667365
G_830;RD0165;2.2;90;162;1.74E+17;20.49044431;2.198935176
G_831;RD0165;2.2;120;0;8.24E+16;28.33596102;2.199874223
G_832;RD0165;2.2;120;18;8.22E+16;22.24291146;2.200168259
G_833;RD0165;2.2;120;36;1.84E+17;18.10661858;2.200280249
G_834;RD0165;2.2;120;54;1.31E+17;18.24378712;2.200164253
G_835;RD0165;2.2;120;72;1.51E+17;15.4767735;2.200084924
G_836;RD0165;2.2;120;90;4.13E+13;44.78542953;2.199932214
G_837;RD0165;2.2;120;108;3.37E+17;9.821563865;2.199232696
G_838;RD0165;2.2;120;126;1.52E+17;11.36776635;2.199262503
G_839;RD0165;2.2;120;144;5.64E+17;8.436986324;2.199244362
G_840;RD0165;2.2;120;162;2.93E+17;19.34622431;2.198911235
G_841;RD0165;2.2;150;0;0;0;0
G_842;RD0165;2.2;150;18;0;0;0
G_843;RD0165;2.2;150;36;1.44E+14;35.47711267;2.200240869
G_844;RD0165;2.2;150;54;8.00E+13;54.26652093;2.20000084
G_845;RD0165;2.2;150;72;6.35E+16;11.46407631;2.199189458
G_846;RD0165;2.2;150;90;7.41E+17;61.65209151;2.198378773
G_847;RD0165;2.2;150;108;3.52E+16;23.46398284;2.198921275
G_848;RD0165;2.2;150;126;1.01E+15;33.48469247;2.198934794
G_849;RD0165;2.2;150;144;8.43E+14;32.30642189;2.198881812
G_850;RD0165;2.2;150;162;1.50E+14;38.45304259;2.198775059
G_851;RD0165;2.2;180;0;0;0;0
G_852;RD0165;2.2;180;18;8.10E+13;33.28666864;2.20010566
G_853;RD0165;2.2;180;36;6.64E+14;30.45037683;2.200207902
G_854;RD0165;2.2;180;54;8.87E+13;54.90337533;2.200042749
G_855;RD0165;2.2;180;72;5.61E+16;11.41491318;2.199195092
G_856;RD0165;2.2;180;90;0;0;0
G_857;RD0165;2.2;180;108;4.23E+15;27.44407924;2.19882617
G_858;RD0165;2.2;180;126;2.60E+15;26.03472846;2.198822726
G_859;RD0165;2.2;180;144;1.09E+15;27.20971308;2.198779901
G_860;RD0165;2.2;180;162;1.88E+14;37.79044271;2.198634201
G_861;RD0165;2.2;210;0;0;0;0
G_862;RD0165;2.2;210;18;0;0;0
G_863;RD0165;2.2;210;36;8.84E+13;49.13681621;2.200151081
G_864;RD0165;2.2;210;54;0;0;0
G_865;RD0165;2.2;210;72;2.11E+16;13.74960884;2.199125776
G_866;RD0165;2.2;210;90;0;0;0
G_867;RD0165;2.2;210;108;1.63E+16;27.78501915;2.198187936
G_868;RD0165;2.2;210;126;0;0;0
G_869;RD0165;2.2;210;144;0;0;0
G_870;RD0165;2.2;210;162;0;0;0
G_871;RD0165;2.2;240;0;0;0;0
G_872;RD0165;2.2;240;18;4.88E+13;37.77993208;2.199969579
G_873;RD0165;2.2;240;36;5.06E+17;1.005710713;2.200208648
G_874;RD0165;2.2;240;54;2.28E+16;12.56190241;2.199155444
G_875;RD0165;2.2;240;72;1.88E+16;18.11617549;2.198349091
G_876;RD0165;2.2;240;90;0;0;0
G_877;RD0165;2.2;240;108;1.86E+16;27.24933224;2.198179862
G_878;RD0165;2.2;240;126;0;0;0
G_879;RD0165;2.2;240;144;0;0;0
G_880;RD0165;2.2;240;162;0;0;0
G_881;RD0165;2.2;270;0;0;0;0
G_882;RD0165;2.2;270;18;1.68E+16;19.37753574;2.198983019
G_883;RD0165;2.2;270;36;5.47E+17;1.000085063;2.200286326
G_884;RD0165;2.2;270;54;0;0;0
G_885;RD0165;2.2;270;72;1.46E+16;18.33592821;2.198341698
G_886;RD0165;2.2;270;90;8.87E+13;150.728486;2.198236366
G_887;RD0165;2.2;270;108;1.01E+18;1.000580701;2.197819909
G_888;RD0165;2.2;270;126;0;0;0
G_889;RD0165;2.2;270;144;0;0;0
G_890;RD0165;2.2;270;162;0;0;0
G_891;RD0165;2.2;300;0;5.69E+13;64.1944669;2.199444418
G_892;RD0165;2.2;300;18;1.49E+16;18.31533636;2.199011853
G_893;RD0165;2.2;300;36;0;0;0
G_894;RD0165;2.2;300;54;1.62E+16;16.99270916;2.198372678
G_895;RD0165;2.2;300;72;1.37E+18;5.601784452;2.197414797
G_896;RD0165;2.2;300;90;0;0;0
G_897;RD0165;2.2;300;108;7.96E+17;1.000386122;2.1977661
G_898;RD0165;2.2;300;126;7.16E+17;1.000017258;2.19775594
G_899;RD0165;2.2;300;144;0;0;0
G_900;RD0165;2.2;300;162;0;0;0
G165_2.3;RD0165;2.3;0;0;4.85E+20;299.9989667;2.296227861
G_901;RD0165;2.3;30;0;2.04E+17;63.57753514;2.299771074
G_902;RD0165;2.3;30;18;4.66E+17;66.45736094;2.299584745
G_903;RD0165;2.3;30;36;1.42E+18;51.19724349;2.299586157
G_904;RD0165;2.3;30;54;3.46E+17;45.04537195;2.29996425
G_905;RD0165;2.3;30;72;6.44E+17;47.99102351;2.29995099
G_906;RD0165;2.3;30;90;5.41E+19;46.3950521;2.299816183
G_907;RD0165;2.3;30;108;4.03E+17;62.41630416;2.299404866
G_908;RD0165;2.3;30;126;5.38E+17;42.91259039;2.299539356
G_909;RD0165;2.3;30;144;2.39E+17;50.51657195;2.299356201
G_910;RD0165;2.3;30;162;6.86E+18;40.2507641;2.29760548
G_911;RD0165;2.3;60;0;2.98E+17;42.78195861;2.299618508
G_912;RD0165;2.3;60;18;1.04E+17;49.43159305;2.299866337
G_913;RD0165;2.3;60;36;3.39E+17;36.61509023;2.299882504
G_914;RD0165;2.3;60;54;7.23E+17;40.0210492;2.29974423
G_915;RD0165;2.3;60;72;1.64E+17;42.4414973;2.299680348
G_916;RD0165;2.3;60;90;1.69E+18;28.59799029;2.299920501
G_917;RD0165;2.3;60;108;6.09E+15;175.1531883;2.297605441
G_918;RD0165;2.3;60;126;8.60E+17;39.17997794;2.299536786
G_919;RD0165;2.3;60;144;1.42E+18;36.36441718;2.299612407
G_920;RD0165;2.3;60;162;3.26E+17;47.77075976;2.299355245
G_921;RD0165;2.3;90;0;2.29E+17;26.27846904;2.299922029
G_922;RD0165;2.3;90;18;3.43E+17;20.99296256;2.300221095
G_923;RD0165;2.3;90;36;1.55E+17;9.968569121;2.300569627
G_924;RD0165;2.3;90;54;4.76E+16;20.8768008;2.300863481
G_925;RD0165;2.3;90;72;5.55E+17;11.42552036;2.3000534
G_926;RD0165;2.3;90;90;1.64E+17;10.37168573;2.300569759
G_927;RD0165;2.3;90;108;2.54E+17;10.14890429;2.299256278
G_928;RD0165;2.3;90;126;2.33E+17;10.86933405;2.299279859
G_929;RD0165;2.3;90;144;2.35E+18;1.001312046;2.299588608
G_930;RD0165;2.3;90;162;1.54E+17;20.03170171;2.298954797
G_931;RD0165;2.3;120;0;2.47E+17;15.57666715;2.29970438
G_932;RD0165;2.3;120;18;8.67E+16;21.5728428;2.300192378
G_933;RD0165;2.3;120;36;1.73E+17;18.22434803;2.300288654
G_934;RD0165;2.3;120;54;1.76E+17;17.39082762;2.300198496
G_935;RD0165;2.3;120;72;1.45E+17;14.05864065;2.300081048
G_936;RD0165;2.3;120;90;4.07E+13;44.25345293;2.299948005
G_937;RD0165;2.3;120;108;3.35E+17;9.609765834;2.299254045
G_938;RD0165;2.3;120;126;3.50E+17;9.399019813;2.299259319
G_939;RD0165;2.3;120;144;5.54E+17;8.413819655;2.299256254
G_940;RD0165;2.3;120;162;2.77E+17;18.64749906;2.298930225
G_941;RD0165;2.3;150;0;0;0;0
G_942;RD0165;2.3;150;18;0;0;0
G_943;RD0165;2.3;150;36;1.45E+14;34.58461313;2.300263746
G_944;RD0165;2.3;150;54;7.84E+13;52.3083913;2.30003418
G_945;RD0165;2.3;150;72;5.10E+16;14.39666613;2.299120481
G_946;RD0165;2.3;150;90;9.64E+17;62.91603266;2.298269266
G_947;RD0165;2.3;150;108;4.51E+15;27.46302558;2.298942398
G_948;RD0165;2.3;150;126;8.90E+14;32.50797679;2.298937574
G_949;RD0165;2.3;150;144;1.97E+14;42.03425324;2.298842703
G_950;RD0165;2.3;150;162;1.52E+14;36.49907729;2.298765536
G_951;RD0165;2.3;180;0;0;0;0
G_952;RD0165;2.3;180;18;8.25E+13;32.64662418;2.300121056
G_953;RD0165;2.3;180;36;4.01E+17;1.319344572;2.300219797
G_954;RD0165;2.3;180;54;8.26E+13;51.5709531;2.300103761
G_955;RD0165;2.3;180;72;1.07E+18;1.003085695;2.29900278
G_956;RD0165;2.3;180;90;0;0;0
G_957;RD0165;2.3;180;108;4.38E+15;26.54535998;2.298826619
G_958;RD0165;2.3;180;126;1.66E+15;26.14334647;2.298807091
G_959;RD0165;2.3;180;144;2.70E+15;23.65816281;2.29879029
G_960;RD0165;2.3;180;162;1.51E+16;22.92369267;2.298327339
G_961;RD0165;2.3;210;0;0;0;0
G_962;RD0165;2.3;210;18;5.28E+15;17.85817225;2.30008909
G_963;RD0165;2.3;210;36;3.14E+17;12.0016641;2.300123222
G_964;RD0165;2.3;210;54;1.83E+16;14.97197641;2.299114623
G_965;RD0165;2.3;210;72;0;0;0
G_966;RD0165;2.3;210;90;0;0;0
G_967;RD0165;2.3;210;108;1.19E+16;27.69422925;2.298206015
G_968;RD0165;2.3;210;126;0;0;0
G_969;RD0165;2.3;210;144;0;0;0
G_970;RD0165;2.3;210;162;0;0;0
G_971;RD0165;2.3;240;0;0;0;0
G_972;RD0165;2.3;240;18;4.82E+13;37.18209172;2.299984503
G_973;RD0165;2.3;240;36;4.88E+17;1.000591591;2.300233375
G_974;RD0165;2.3;240;54;0;0;0
G_975;RD0165;2.3;240;72;1.33E+16;17.77811885;2.298374968
G_976;RD0165;2.3;240;90;1.05E+14;100.762297;2.298263636
G_977;RD0165;2.3;240;108;0;0;0
G_978;RD0165;2.3;240;126;0;0;0
G_979;RD0165;2.3;240;144;0;0;0
G_980;RD0165;2.3;240;162;0;0;0
G_981;RD0165;2.3;270;0;0;0;0
G_982;RD0165;2.3;270;18;1.51E+16;19.0938015;2.299007747
G_983;RD0165;2.3;270;36;5.15E+17;1.00040478;2.300316908
G_984;RD0165;2.3;270;54;0;0;0
G_985;RD0165;2.3;270;72;0;0;0
G_986;RD0165;2.3;270;90;8.57E+13;149.1434542;2.298263529
G_987;RD0165;2.3;270;108;7.08E+17;1.000268652;2.297765187
G_988;RD0165;2.3;270;126;0;0;0
G_989;RD0165;2.3;270;144;0;0;0
G_990;RD0165;2.3;270;162;0;0;0
G_991;RD0165;2.3;300;0;5.43E+13;58.38387995;2.29948383
G_992;RD0165;2.3;300;18;0;0;0
G_993;RD0165;2.3;300;36;1.52E+16;16.98012948;2.298396976
G_994;RD0165;2.3;300;54;1.48E+16;16.83844511;2.298388171
G_995;RD0165;2.3;300;72;1.09E+18;1.002698562;2.297408138
G_996;RD0165;2.3;300;90;0;0;0
G_997;RD0165;2.3;300;108;1.00E+18;1.000536187;2.297799378
G_998;RD0165;2.3;300;126;5.12E+17;1.000861223;2.297751215
G_999;RD0165;2.3;300;144;3.36E+16;19.23966569;2.297672518
G_1000;RD0165;2.3;300;162;1.35E+16;20.47927293;2.297661487
G165_2.4;RD0165;2.4;0;0;4.98E+20;299.9978572;2.396957862
G_1001;RD0165;2.4;30;0;2.10E+17;62.33653871;2.399778247
G_1002;RD0165;2.4;30;18;4.58E+17;65.95863263;2.39958124
G_1003;RD0165;2.4;30;36;1.48E+18;50.54631255;2.399582275
G_1004;RD0165;2.4;30;54;3.76E+17;43.8344583;2.399981537
G_1005;RD0165;2.4;30;72;7.02E+17;47.44242626;2.399945799
G_1006;RD0165;2.4;30;90;5.66E+19;45.4434432;2.39981764
G_1007;RD0165;2.4;30;108;3.99E+17;62.5364299;2.399385088
G_1008;RD0165;2.4;30;126;4.34E+17;50.87510849;2.399308064
G_1009;RD0165;2.4;30;144;2.62E+17;49.3957234;2.399352576
G_1010;RD0165;2.4;30;162;8.79E+17;13.09589211;2.398754607
G_1011;RD0165;2.4;60;0;3.72E+17;41.34574634;2.399630903
G_1012;RD0165;2.4;60;18;1.38E+17;48.95663401;2.399839165
G_1013;RD0165;2.4;60;36;3.77E+17;36.74086216;2.399868879
G_1014;RD0165;2.4;60;54;9.06E+17;38.97253147;2.399748159
G_1015;RD0165;2.4;60;72;2.41E+17;40.55524652;2.399691538
G_1016;RD0165;2.4;60;90;1.65E+17;46.271343;2.399827891
G_1017;RD0165;2.4;60;108;5.02E+16;48.91029851;2.399491651
G_1018;RD0165;2.4;60;126;1.00E+18;38.1183231;2.399546724
G_1019;RD0165;2.4;60;144;8.13E+17;37.22377714;2.399615901
G_1020;RD0165;2.4;60;162;3.63E+17;46.55679785;2.399366023
G_1021;RD0165;2.4;90;0;2.42E+17;25.62568302;2.399937601
G_1022;RD0165;2.4;90;18;3.65E+17;20.28910089;2.400247924
G_1023;RD0165;2.4;90;36;8.57E+16;10.10037463;2.400596789
G_1024;RD0165;2.4;90;54;5.42E+16;20.12379772;2.400892285
G_1025;RD0165;2.4;90;72;5.90E+17;12.01429553;2.400098862
G_1026;RD0165;2.4;90;90;1.68E+17;10.05085477;2.400596209
G_1027;RD0165;2.4;90;108;2.26E+17;9.972940161;2.399279539
G_1028;RD0165;2.4;90;126;1.98E+17;10.10691339;2.399285904
G_1029;RD0165;2.4;90;144;4.12E+18;1.000278077;2.399267095
G_1030;RD0165;2.4;90;162;1.38E+17;19.55698019;2.398974499
G_1031;RD0165;2.4;120;0;3.25E+17;15.94958947;2.399689939
G_1032;RD0165;2.4;120;18;9.19E+16;20.92246067;2.400216858
G_1033;RD0165;2.4;120;36;1.68E+17;17.97989437;2.400307106
G_1034;RD0165;2.4;120;54;1.67E+17;17.29638492;2.400221251
G_1035;RD0165;2.4;120;72;2.15E+17;1.002077178;2.400002511
G_1036;RD0165;2.4;120;90;4.01E+13;43.58343804;2.399961774
G_1037;RD0165;2.4;120;108;9.20E+15;31.24197423;2.399146401
G_1038;RD0165;2.4;120;126;3.25E+17;9.250615006;2.399282282
G_1039;RD0165;2.4;120;144;4.96E+17;17.79152004;2.3989842
G_1040;RD0165;2.4;120;162;2.62E+17;17.92103841;2.398949384
G_1041;RD0165;2.4;150;0;1.25E+15;30.54495585;2.399617214
G_1042;RD0165;2.4;150;18;1.77E+14;34.50933988;2.400138775
G_1043;RD0165;2.4;150;36;1.46E+14;33.78083467;2.400285892
G_1044;RD0165;2.4;150;54;7.65E+13;50.33399293;2.400070196
G_1045;RD0165;2.4;150;72;2.28E+16;16.87631444;2.399084322
G_1046;RD0165;2.4;150;90;1.01E+18;60.84092108;2.398290763
G_1047;RD0165;2.4;150;108;3.90E+15;26.81209593;2.398950233
G_1048;RD0165;2.4;150;126;3.13E+15;26.05810145;2.39894317
G_1049;RD0165;2.4;150;144;1.98E+14;39.0826535;2.398822763
G_1050;RD0165;2.4;150;162;1.54E+14;35.40581181;2.398756134
G_1051;RD0165;2.4;180;0;0;0;0
G_1052;RD0165;2.4;180;18;8.41E+13;32.04940206;2.400135314
G_1053;RD0165;2.4;180;36;3.91E+17;1.000943055;2.400240131
G_1054;RD0165;2.4;180;54;3.40E+17;1.008587704;2.39999772
G_1055;RD0165;2.4;180;72;1.22E+18;1.001785378;2.39895234
G_1056;RD0165;2.4;180;90;6.99E+15;22.73014409;2.398938946
G_1057;RD0165;2.4;180;108;3.90E+14;42.02367177;2.398631104
G_1058;RD0165;2.4;180;126;3.83E+15;23.06537819;2.398820622
G_1059;RD0165;2.4;180;144;0;0;0
G_1060;RD0165;2.4;180;162;4.65E+15;28.72907035;2.398258574
G_1061;RD0165;2.4;210;0;0;0;0
G_1062;RD0165;2.4;210;18;5.19E+16;9.468480433;2.399950604
G_1063;RD0165;2.4;210;36;3.07E+17;10.86545686;2.400150905
G_1064;RD0165;2.4;210;54;1.81E+16;14.8263131;2.399133148
G_1065;RD0165;2.4;210;72;0;0;0
G_1066;RD0165;2.4;210;90;7.10E+15;21.43822708;2.398946141
G_1067;RD0165;2.4;210;108;1.04E+16;27.53969854;2.398219903
G_1068;RD0165;2.4;210;126;0;0;0
G_1069;RD0165;2.4;210;144;0;0;0
G_1070;RD0165;2.4;210;162;0;0;0
G_1071;RD0165;2.4;240;0;0;0;0
G_1072;RD0165;2.4;240;18;4.80E+13;36.70411119;2.399997294
G_1073;RD0165;2.4;240;36;4.85E+17;1.007973327;2.400257192
G_1074;RD0165;2.4;240;54;0;0;0
G_1075;RD0165;2.4;240;72;1.21E+16;17.28533534;2.398402039
G_1076;RD0165;2.4;240;90;1.01E+14;96.99237749;2.398290705
G_1077;RD0165;2.4;240;108;0;0;0
G_1078;RD0165;2.4;240;126;0;0;0
G_1079;RD0165;2.4;240;144;0;0;0
G_1080;RD0165;2.4;240;162;0;0;0
G_1081;RD0165;2.4;270;0;5.96E+13;47.15822148;2.399656425
G_1082;RD0165;2.4;270;18;3.66E+16;1.001013376;2.398840337
G_1083;RD0165;2.4;270;36;0;0;0
G_1084;RD0165;2.4;270;54;1.38E+16;15.99920724;2.398431733
G_1085;RD0165;2.4;270;72;7.06E+16;16.60223618;2.397748528
G_1086;RD0165;2.4;270;90;8.19E+13;154.8825018;2.398290697
G_1087;RD0165;2.4;270;108;5.83E+17;1.000439916;2.397793285
G_1088;RD0165;2.4;270;126;9.50E+16;17.17328058;2.397726539
G_1089;RD0165;2.4;270;144;0;0;0
G_1090;RD0165;2.4;270;162;0;0;0
G_1091;RD0165;2.4;300;0;5.08E+13;52.93348968;2.399535242
G_1092;RD0165;2.4;300;18;0;0;0
G_1093;RD0165;2.4;300;36;1.25E+16;16.11563339;2.398426536
G_1094;RD0165;2.4;300;54;1.43E+16;15.97027313;2.398426038
G_1095;RD0165;2.4;300;72;7.41E+17;1.00254833;2.397463456
G_1096;RD0165;2.4;300;90;0;0;0
G_1097;RD0165;2.4;300;108;0;0;0
G_1098;RD0165;2.4;300;126;1.61E+17;12.6211711;2.39782753
G_1099;RD0165;2.4;300;144;1.03E+16;20.44206018;2.397685558
G_1100;RD0165;2.4;300;162;1.24E+16;16.68833377;2.397776919
G165_2.5;RD0165;2.5;0;0;3.51E+20;299.9979312;2.496677021
G_1101;RD0165;2.5;30;0;2.21E+17;61.37014706;2.499774853
G_1102;RD0165;2.5;30;18;4.88E+17;64.53485933;2.499588421
G_1103;RD0165;2.5;30;36;1.55E+18;50.13496781;2.499570054
G_1104;RD0165;2.5;30;54;4.05E+17;42.79403021;2.49999518
G_1105;RD0165;2.5;30;72;6.83E+17;46.113153;2.499894216
G_1106;RD0165;2.5;30;90;5.91E+19;44.45030297;2.499818666
G_1107;RD0165;2.5;30;108;4.52E+17;61.63084197;2.499379454
G_1108;RD0165;2.5;30;126;5.16E+17;56.09822343;2.499501478
G_1109;RD0165;2.5;30;144;2.48E+17;56.89379931;2.499611204
G_1110;RD0165;2.5;30;162;7.71E+17;1.000495714;2.498576177
G_1111;RD0165;2.5;60;0;9.67E+15;58.81154042;2.499658326
G_1112;RD0165;2.5;60;18;1.52E+17;47.99531708;2.499846147
G_1113;RD0165;2.5;60;36;3.73E+17;33.20940891;2.499962159
G_1114;RD0165;2.5;60;54;8.55E+17;41.03152826;2.4998356
G_1115;RD0165;2.5;60;72;3.38E+17;38.8829622;2.499703974
G_1116;RD0165;2.5;60;90;4.93E+17;44.12179387;2.499902855
G_1117;RD0165;2.5;60;108;8.37E+17;47.1382527;2.499808087
G_1118;RD0165;2.5;60;126;2.50E+18;73.15870118;2.498209473
G_1119;RD0165;2.5;60;144;9.64E+17;36.02338771;2.499615944
G_1120;RD0165;2.5;60;162;4.52E+17;45.14649438;2.499374923
G_1121;RD0165;2.5;90;0;2.59E+17;25.18138943;2.499945924
G_1122;RD0165;2.5;90;18;4.02E+17;19.52747554;2.500276355
G_1123;RD0165;2.5;90;36;2.32E+15;13.79027068;2.500626273
G_1124;RD0165;2.5;90;54;6.21E+16;19.40198714;2.500920998
G_1125;RD0165;2.5;90;72;5.80E+17;10.36037638;2.500091967
G_1126;RD0165;2.5;90;90;1.72E+17;9.745454289;2.500622423
G_1127;RD0165;2.5;90;108;2.77E+17;17.8099827;2.499045945
G_1128;RD0165;2.5;90;126;2.53E+17;19.48495404;2.499014481
G_1129;RD0165;2.5;90;144;3.72E+18;1.000602936;2.499300891
G_1130;RD0165;2.5;90;162;1.23E+17;18.84953719;2.499001294
G_1131;RD0165;2.5;120;0;3.49E+17;16.65484003;2.499671336
G_1132;RD0165;2.5;120;18;9.78E+16;20.29085794;2.500241691
G_1133;RD0165;2.5;120;36;1.64E+17;17.66137286;2.500328187
G_1134;RD0165;2.5;120;54;1.79E+17;17.02238443;2.500252551
G_1135;RD0165;2.5;120;72;1.36E+17;14.2572594;2.500165221
G_1136;RD0165;2.5;120;90;3.94E+13;43.00099;2.499974019
G_1137;RD0165;2.5;120;108;4.28E+16;21.39099547;2.499014696
G_1138;RD0165;2.5;120;126;3.30E+15;33.62509801;2.499185374
G_1139;RD0165;2.5;120;144;4.10E+17;17.52848512;2.499004179
G_1140;RD0165;2.5;120;162;2.49E+17;17.17543161;2.498968009
G_1141;RD0165;2.5;150;0;1.42E+15;29.6891515;2.499623433
G_1142;RD0165;2.5;150;18;1.80E+14;34.0386132;2.500151518
G_1143;RD0165;2.5;150;36;1.48E+14;33.07021541;2.500307279
G_1144;RD0165;2.5;150;54;1.81E+17;14.48611871;2.50017705
G_1145;RD0165;2.5;150;72;9.33E+17;1.001360989;2.498918218
G_1146;RD0165;2.5;150;90;1.92E+17;20.37886405;2.49964691
G_1147;RD0165;2.5;150;108;3.47E+15;26.19036076;2.498955022
G_1148;RD0165;2.5;150;126;4.21E+14;33.94814621;2.498935791
G_1149;RD0165;2.5;150;144;1.99E+14;36.52628254;2.498807464
G_1150;RD0165;2.5;150;162;1.55E+14;35.14868563;2.498741959
G_1151;RD0165;2.5;180;0;0;0;0
G_1152;RD0165;2.5;180;18;8.56E+13;31.47328996;2.500148844
G_1153;RD0165;2.5;180;36;3.91E+17;1.118120705;2.500261399
G_1154;RD0165;2.5;180;54;2.13E+17;1.006461721;2.500041044
G_1155;RD0165;2.5;180;72;1.36E+18;1.00211584;2.498896291
G_1156;RD0165;2.5;180;90;7.26E+15;22.21160712;2.498950037
G_1157;RD0165;2.5;180;108;1.07E+17;14.8607766;2.498504912
G_1158;RD0165;2.5;180;126;3.49E+14;30.91936463;2.498686011
G_1159;RD0165;2.5;180;144;0;0;0
G_1160;RD0165;2.5;180;162;1.43E+15;29.67196021;2.498307025
G_1161;RD0165;2.5;210;0;6.20E+13;39.67156888;2.499848322
G_1162;RD0165;2.5;210;18;4.41E+15;18.98733458;2.500184849
G_1163;RD0165;2.5;210;36;3.06E+17;9.572687984;2.500174115
G_1164;RD0165;2.5;210;54;1.47E+16;15.60602031;2.499130913
G_1165;RD0165;2.5;210;72;1.67E+16;16.04513284;2.49847131
G_1166;RD0165;2.5;210;90;6.41E+15;22.1907781;2.498934301
G_1167;RD0165;2.5;210;108;1.27E+15;30.72133348;2.498328237
G_1168;RD0165;2.5;210;126;0;0;0
G_1169;RD0165;2.5;210;144;0;0;0
G_1170;RD0165;2.5;210;162;0;0;0
G_1171;RD0165;2.5;240;0;0;0;0
G_1172;RD0165;2.5;240;18;4.62E+13;46.37681125;2.500003269
G_1173;RD0165;2.5;240;36;4.62E+17;1.003138105;2.500281211
G_1174;RD0165;2.5;240;54;0;0;0
G_1175;RD0165;2.5;240;72;1.04E+16;18.76456801;2.498375969
G_1176;RD0165;2.5;240;90;9.25E+13;96.66332744;2.498317857
G_1177;RD0165;2.5;240;108;7.77E+17;1.000118058;2.497863049
G_1178;RD0165;2.5;240;126;0;0;0
G_1179;RD0165;2.5;240;144;0;0;0
G_1180;RD0165;2.5;240;162;0;0;0
G_1181;RD0165;2.5;270;0;5.93E+13;44.3921652;2.499664479
G_1182;RD0165;2.5;270;18;1.28E+16;18.75518566;2.499050421
G_1183;RD0165;2.5;270;36;0;0;0
G_1184;RD0165;2.5;270;54;1.26E+16;15.66860689;2.498452541
G_1185;RD0165;2.5;270;72;9.64E+17;1.000054351;2.497537372
G_1186;RD0165;2.5;270;90;7.86E+13;168.7653791;2.498317859
G_1187;RD0165;2.5;270;108;6.67E+17;1.000507418;2.4978228
G_1188;RD0165;2.5;270;126;1.32E+17;15.28315101;2.497757549
G_1189;RD0165;2.5;270;144;0;0;0
G_1190;RD0165;2.5;270;162;7.78E+15;22.34624052;2.497650251
G_1191;RD0165;2.5;300;0;4.76E+13;48.3501502;2.499586804
G_1192;RD0165;2.5;300;18;0;0;0
G_1193;RD0165;2.5;300;36;1.35E+16;12.20731868;2.498553978
G_1194;RD0165;2.5;300;54;0;0;0
G_1195;RD0165;2.5;300;72;5.52E+17;1.004464171;2.497493393
G_1196;RD0165;2.5;300;90;0;0;0
G_1197;RD0165;2.5;300;108;1.01E+18;1.000425315;2.49721213
G_1198;RD0165;2.5;300;126;5.08E+17;1.000891441;2.497818868
G_1199;RD0165;2.5;300;144;1.07E+16;20.95356668;2.497678293
G_1200;RD0165;2.5;300;162;8.61E+15;21.85638478;2.497662341
G152_2.2;RD0152;2.2;0;0;2.52E+20;299.9999241;2.196294902
G_1201;RD0152;2.2;30;0;8.89E+17;41.5240308;2.200149388
G_1202;RD0152;2.2;30;18;7.20E+17;44.74454368;2.199877927
G_1203;RD0152;2.2;30;36;3.35E+17;53.52191721;2.200482866
G_1204;RD0152;2.2;30;54;1.09E+18;57.01151428;2.200280144
G_1205;RD0152;2.2;30;72;3.23E+18;44.77773777;2.199929582
G_1206;RD0152;2.2;30;90;6.89E+17;36.14446058;2.199559568
G_1207;RD0152;2.2;30;108;2.10E+18;74.80543763;2.200249974
G_1208;RD0152;2.2;30;126;2.27E+18;49.98510024;2.199289048
G_1209;RD0152;2.2;30;144;2.31E+18;58.56789636;2.199178903
G_1210;RD0152;2.2;30;162;8.18E+19;48.72454175;2.198962811
G_1211;RD0152;2.2;60;0;3.41E+17;19.98762;2.199585286
G_1212;RD0152;2.2;60;18;4.64E+16;28.73451957;2.200657206
G_1213;RD0152;2.2;60;36;1.52E+17;21.35934143;2.200845612
G_1214;RD0152;2.2;60;54;2.98E+17;9.500337921;2.20053365
G_1215;RD0152;2.2;60;72;3.72E+17;19.86825309;2.200209294
G_1216;RD0152;2.2;60;90;3.37E+17;19.74011525;2.200182743
G_1217;RD0152;2.2;60;108;1.09E+15;44.16503887;2.199782027
G_1218;RD0152;2.2;60;126;7.72E+16;43.76793462;2.199537159
G_1219;RD0152;2.2;60;144;6.78E+16;47.974891;2.199465492
G_1220;RD0152;2.2;60;162;3.56E+17;31.95624403;2.199145828
G_1221;RD0152;2.2;90;0;1.79E+17;11.28349293;2.199852425
G_1222;RD0152;2.2;90;18;9.27E+15;27.55220443;2.200153957
G_1223;RD0152;2.2;90;36;4.44E+15;29.15954362;2.200213139
G_1224;RD0152;2.2;90;54;5.28E+17;16.31412383;2.200303536
G_1225;RD0152;2.2;90;72;2.10E+16;13.47910682;2.199860089
G_1226;RD0152;2.2;90;90;3.37E+17;28.27567735;2.200570417
G_1227;RD0152;2.2;90;108;3.22E+16;23.10290826;2.199440305
G_1228;RD0152;2.2;90;126;4.11E+16;21.96253396;2.19948733
G_1229;RD0152;2.2;90;144;7.41E+16;22.10680941;2.199512839
G_1230;RD0152;2.2;90;162;1.07E+17;19.09221163;2.199011086
G_1231;RD0152;2.2;120;0;1.67E+17;11.23400054;2.199856775
G_1232;RD0152;2.2;120;18;0;0;0
G_1233;RD0152;2.2;120;36;8.24E+14;31.69565719;2.200210868
G_1234;RD0152;2.2;120;54;4.25E+16;21.17481594;2.200174621
G_1235;RD0152;2.2;120;72;5.92E+17;1.022865519;2.199863443
G_1236;RD0152;2.2;120;90;6.17E+17;34.05406779;2.200106163
G_1237;RD0152;2.2;120;108;2.13E+15;37.47933333;2.199040683
G_1238;RD0152;2.2;120;126;1.30E+17;28.38342;2.199133698
G_1239;RD0152;2.2;120;144;1.11E+17;21.11298852;2.1989172
G_1240;RD0152;2.2;120;162;4.88E+16;21.52309508;2.19888501
G_1241;RD0152;2.2;150;0;0;0;0
G_1242;RD0152;2.2;150;18;7.02E+16;17.83976707;2.200135152
G_1243;RD0152;2.2;150;36;6.10E+17;16.97437277;2.20022189
G_1244;RD0152;2.2;150;54;1.09E+15;32.37881547;2.200123915
G_1245;RD0152;2.2;150;72;1.52E+18;1.002167535;2.199118001
G_1246;RD0152;2.2;150;90;0;0;0
G_1247;RD0152;2.2;150;108;5.77E+15;28.50856713;2.198867384
G_1248;RD0152;2.2;150;126;3.58E+17;18.86727334;2.198866023
G_1249;RD0152;2.2;150;144;2.50E+15;26.67163634;2.198819052
G_1250;RD0152;2.2;150;162;7.16E+16;18.99694193;2.198793394
G_1251;RD0152;2.2;180;0;0;0;0
G_1252;RD0152;2.2;180;18;1.64E+15;29.42962813;2.200198796
G_1253;RD0152;2.2;180;36;7.84E+14;32.54070063;2.200140155
G_1254;RD0152;2.2;180;54;0;0;0
G_1255;RD0152;2.2;180;72;1.15E+18;1.002837978;2.200129858
G_1256;RD0152;2.2;180;90;0;0;0
G_1257;RD0152;2.2;180;108;0;0;0
G_1258;RD0152;2.2;180;126;0;0;0
G_1259;RD0152;2.2;180;144;0;0;0
G_1260;RD0152;2.2;180;162;0;0;0
G_1261;RD0152;2.2;210;0;0;0;0
G_1262;RD0152;2.2;210;18;0;0;0
G_1263;RD0152;2.2;210;36;7.37E+17;1.004389771;2.20003719
G_1264;RD0152;2.2;210;54;6.10E+17;1.000223401;2.199098876
G_1265;RD0152;2.2;210;72;3.36E+18;1.000128088;2.197866367
G_1266;RD0152;2.2;210;90;2.26E+16;20.73170651;2.198936298
G_1267;RD0152;2.2;210;108;1.82E+17;12.31008076;2.198508431
G_1268;RD0152;2.2;210;126;1.52E+16;27.40692594;2.198176125
G_1269;RD0152;2.2;210;144;0;0;0
G_1270;RD0152;2.2;210;162;0;0;0
G_1271;RD0152;2.2;240;0;0;0;0
G_1272;RD0152;2.2;240;18;4.74E+16;14.52178085;2.199114034
G_1273;RD0152;2.2;240;36;9.97E+17;1.007406484;2.20014881
G_1274;RD0152;2.2;240;54;0;0;0
G_1275;RD0152;2.2;240;72;2.38E+16;18.37263368;2.198354882
G_1276;RD0152;2.2;240;90;3.81E+16;18.80528422;2.198977125
G_1277;RD0152;2.2;240;108;0;0;0
G_1278;RD0152;2.2;240;126;0;0;0
G_1279;RD0152;2.2;240;144;0;0;0
G_1280;RD0152;2.2;240;162;0;0;0
G_1281;RD0152;2.2;270;0;8.34E+14;32.130101;2.199530248
G_1282;RD0152;2.2;270;18;6.22E+16;11.5332823;2.199190568
G_1283;RD0152;2.2;270;36;0;0;0
G_1284;RD0152;2.2;270;54;7.11E+16;11.54216721;2.19851056
G_1285;RD0152;2.2;270;72;3.15E+18;7.209887808;2.197397348
G_1286;RD0152;2.2;270;90;0;0;0
G_1287;RD0152;2.2;270;108;1.11E+18;1.000120094;2.197700745
G_1288;RD0152;2.2;270;126;1.10E+18;1.000077817;2.197824116
G_1289;RD0152;2.2;270;144;0;0;0
G_1290;RD0152;2.2;270;162;0;0;0
G_1291;RD0152;2.2;300;0;0;0;0
G_1292;RD0152;2.2;300;18;0;0;0
G_1293;RD0152;2.2;300;36;4.45E+17;1.000379653;2.198350115
G_1294;RD0152;2.2;300;54;0;0;0
G_1295;RD0152;2.2;300;72;1.75E+18;1.002290513;2.197474426
G_1296;RD0152;2.2;300;90;0;0;0
G_1297;RD0152;2.2;300;108;2.98E+17;48.23284016;2.197917077
G_1298;RD0152;2.2;300;126;1.03E+18;1.000345048;2.197788473
G_1299;RD0152;2.2;300;144;5.02E+17;1.000251716;2.197736243
G_1300;RD0152;2.2;300;162;2.52E+16;17.47262833;2.197716817
G152_2.3;RD0152;2.3;0;0;5.19E+20;299.9988037;2.296571303
G_1301;RD0152;2.3;30;0;7.80E+17;45.04465225;2.300050395
G_1302;RD0152;2.3;30;18;7.39E+17;43.71352364;2.299903584
G_1303;RD0152;2.3;30;36;2.90E+17;53.80374406;2.300509125
G_1304;RD0152;2.3;30;54;1.14E+18;55.2474039;2.300321683
G_1305;RD0152;2.3;30;72;3.40E+18;43.64332451;2.299953621
G_1306;RD0152;2.3;30;90;7.36E+17;36.08996346;2.299578051
G_1307;RD0152;2.3;30;108;2.22E+18;74.33573054;2.300261644
G_1308;RD0152;2.3;30;126;2.38E+18;49.24364;2.299276624
G_1309;RD0152;2.3;30;144;2.45E+18;54.59874653;2.299103932
G_1310;RD0152;2.3;30;162;8.48E+19;49.66210801;2.29893913
G_1311;RD0152;2.3;60;0;3.78E+17;19.32941134;2.299599443
G_1312;RD0152;2.3;60;18;5.12E+16;30.71137076;2.300606072
G_1313;RD0152;2.3;60;36;2.09E+17;20.39824925;2.300874593
G_1314;RD0152;2.3;60;54;3.40E+17;8.956873583;2.300558621
G_1315;RD0152;2.3;60;72;3.80E+17;19.35082198;2.300232204
G_1316;RD0152;2.3;60;90;3.65E+17;19.07506072;2.300205901
G_1317;RD0152;2.3;60;108;1.48E+17;28.04377632;2.299850596
G_1318;RD0152;2.3;60;126;8.23E+16;42.83777446;2.299544462
G_1319;RD0152;2.3;60;144;7.49E+16;57.91175046;2.299159887
G_1320;RD0152;2.3;60;162;3.79E+17;33.91463458;2.299066161
G_1321;RD0152;2.3;90;0;2.25E+17;10.25695911;2.299891115
G_1322;RD0152;2.3;90;18;8.23E+15;27.81667974;2.300161737
G_1323;RD0152;2.3;90;36;2.40E+15;30.3677917;2.30024839
G_1324;RD0152;2.3;90;54;5.66E+17;15.39487811;2.300339509
G_1325;RD0152;2.3;90;72;8.00E+17;18.77101582;2.299599896
G_1326;RD0152;2.3;90;90;3.58E+17;27.53323986;2.300597146
G_1327;RD0152;2.3;90;108;7.54E+16;30.88152675;2.299134738
G_1328;RD0152;2.3;90;126;4.22E+16;21.12998354;2.299505546
G_1329;RD0152;2.3;90;144;1.24E+18;18.16995189;2.298960204
G_1330;RD0152;2.3;90;162;1.10E+17;15.28490959;2.299118438
G_1331;RD0152;2.3;120;0;5.41E+17;9.345323176;2.299889821
G_1332;RD0152;2.3;120;18;0;0;0
G_1333;RD0152;2.3;120;36;7.81E+14;31.1967945;2.300233761
G_1334;RD0152;2.3;120;54;4.64E+16;20.38416917;2.30020177
G_1335;RD0152;2.3;120;72;5.64E+17;1.018836419;2.299893549
G_1336;RD0152;2.3;120;90;6.69E+17;31.91258325;2.300095776
G_1337;RD0152;2.3;120;108;2.23E+16;28.99079366;2.299080679
G_1338;RD0152;2.3;120;126;1.81E+17;20.9303095;2.29896997
G_1339;RD0152;2.3;120;144;3.54E+15;27.22329573;2.298942695
G_1340;RD0152;2.3;120;162;4.37E+16;20.65867598;2.298898997
G_1341;RD0152;2.3;150;0;0;0;0
G_1342;RD0152;2.3;150;18;5.91E+16;18.08619865;2.300172069
G_1343;RD0152;2.3;150;36;6.51E+17;16.1794575;2.300243513
G_1344;RD0152;2.3;150;54;6.55E+17;1.000450166;2.299945786
G_1345;RD0152;2.3;150;72;2.22E+18;2.324059994;2.299137663
G_1346;RD0152;2.3;150;90;0;0;0
G_1347;RD0152;2.3;150;108;4.00E+15;29.16287547;2.298861812
G_1348;RD0152;2.3;150;126;3.09E+15;26.69150703;2.298852721
G_1349;RD0152;2.3;150;144;2.16E+15;25.67706904;2.29881135
G_1350;RD0152;2.3;150;162;6.38E+16;18.69728601;2.298810246
G_1351;RD0152;2.3;180;0;1.23E+14;41.33734428;2.299864915
G_1352;RD0152;2.3;180;18;1.45E+15;29.63749167;2.300226171
G_1353;RD0152;2.3;180;36;7.31E+14;31.8488841;2.300166814
G_1354;RD0152;2.3;180;54;7.09E+17;1.002465891;2.299130165
G_1355;RD0152;2.3;180;72;1.11E+18;1.002817262;2.30015209
G_1356;RD0152;2.3;180;90;0;0;0
G_1357;RD0152;2.3;180;108;1.63E+17;11.53104291;2.298558587
G_1358;RD0152;2.3;180;126;0;0;0
G_1359;RD0152;2.3;180;144;0;0;0
G_1360;RD0152;2.3;180;162;0;0;0
G_1361;RD0152;2.3;210;0;0;0;0
G_1362;RD0152;2.3;210;18;0;0;0
G_1363;RD0152;2.3;210;36;9.19E+17;1.006386795;2.300090451
G_1364;RD0152;2.3;210;54;6.22E+17;1.000753906;2.299120931
G_1365;RD0152;2.3;210;72;5.42E+17;1.0011178;2.298433342
G_1366;RD0152;2.3;210;90;9.49E+15;21.86697313;2.298949735
G_1367;RD0152;2.3;210;108;1.18E+17;15.95325096;2.298431907
G_1368;RD0152;2.3;210;126;0;0;0
G_1369;RD0152;2.3;210;144;0;0;0
G_1370;RD0152;2.3;210;162;0;0;0
G_1371;RD0152;2.3;240;0;0;0;0
G_1372;RD0152;2.3;240;18;5.52E+16;11.31620876;2.299219565
G_1373;RD0152;2.3;240;36;1.02E+18;1.001009265;2.300175206
G_1374;RD0152;2.3;240;54;0;0;0
G_1375;RD0152;2.3;240;72;0;0;0
G_1376;RD0152;2.3;240;90;1.34E+16;20.99881765;2.298968565
G_1377;RD0152;2.3;240;108;9.30E+17;1.000031073;2.297784654
G_1378;RD0152;2.3;240;126;0;0;0
G_1379;RD0152;2.3;240;144;0;0;0
G_1380;RD0152;2.3;240;162;0;0;0
G_1381;RD0152;2.3;270;0;8.03E+14;30.68747035;2.299557998
G_1382;RD0152;2.3;270;18;0;0;0
G_1383;RD0152;2.3;270;36;9.01E+17;1.000215427;2.298221056
G_1384;RD0152;2.3;270;54;2.25E+16;15.80420431;2.298431435
G_1385;RD0152;2.3;270;72;3.01E+18;1.000087199;2.297294393
G_1386;RD0152;2.3;270;90;0;0;0
G_1387;RD0152;2.3;270;108;1.07E+18;1.000610295;2.297842614
G_1388;RD0152;2.3;270;126;6.07E+17;1.000347059;2.297755985
G_1389;RD0152;2.3;270;144;9.00E+17;1.000264774;2.297781841
G_1390;RD0152;2.3;270;162;1.02E+18;1.000491032;2.297819752
G_1391;RD0152;2.3;300;0;0;0;0
G_1392;RD0152;2.3;300;18;0;0;0
G_1393;RD0152;2.3;300;36;3.81E+17;1.00015998;2.298377692
G_1394;RD0152;2.3;300;54;2.63E+18;1.000005126;2.297407377
G_1395;RD0152;2.3;300;72;1.28E+18;1.000178826;2.297448732
G_1396;RD0152;2.3;300;90;0;0;0
G_1397;RD0152;2.3;300;108;9.99E+17;1.000549067;2.297156838
G_1398;RD0152;2.3;300;126;0;0;0
G_1399;RD0152;2.3;300;144;4.94E+17;1.000105752;2.297743627
G_1400;RD0152;2.3;300;162;4.55E+16;13.24054201;2.297832439
G152_2.4;RD0152;2.4;0;0;1.19E+21;299.9986748;2.39648689
G_1401;RD0152;2.4;30;0;8.03E+17;44.03550677;2.400079375
G_1402;RD0152;2.4;30;18;7.86E+17;42.58634785;2.399929089
G_1403;RD0152;2.4;30;36;2.05E+17;55.03921386;2.400533233
G_1404;RD0152;2.4;30;54;9.69E+17;53.11305067;2.400395483
G_1405;RD0152;2.4;30;72;3.58E+18;42.56373209;2.399977768
G_1406;RD0152;2.4;30;90;7.59E+17;35.47630082;2.399561705
G_1407;RD0152;2.4;30;108;2.42E+18;74.02120163;2.400264656
G_1408;RD0152;2.4;30;126;2.18E+18;54.15714156;2.399199841
G_1409;RD0152;2.4;30;144;2.61E+18;55.28604897;2.399155774
G_1410;RD0152;2.4;30;162;8.79E+19;50.26736926;2.398915392
G_1411;RD0152;2.4;60;0;4.19E+17;18.76106893;2.399612226
G_1412;RD0152;2.4;60;18;6.15E+16;29.10025233;2.400652468
G_1413;RD0152;2.4;60;36;1.28E+16;24.78357749;2.40089534
G_1414;RD0152;2.4;60;54;3.76E+17;12.004003;2.400484428
G_1415;RD0152;2.4;60;72;3.84E+17;18.86350283;2.400255425
G_1416;RD0152;2.4;60;90;3.93E+17;18.44354249;2.400229103
G_1417;RD0152;2.4;60;108;1.50E+17;27.41413439;2.399864161
G_1418;RD0152;2.4;60;126;8.73E+16;41.90273164;2.399553884
G_1419;RD0152;2.4;60;144;1.37E+17;50.36609855;2.399289516
G_1420;RD0152;2.4;60;162;3.59E+17;31.68147866;2.39912958
G_1421;RD0152;2.4;90;0;2.21E+17;18.57934707;2.399647214
G_1422;RD0152;2.4;90;18;1.63E+16;26.53253522;2.400158207
G_1423;RD0152;2.4;90;36;4.19E+15;29.3841552;2.400230337
G_1424;RD0152;2.4;90;54;6.01E+17;14.56813691;2.400374083
G_1425;RD0152;2.4;90;72;7.75E+17;18.38495609;2.399620365
G_1426;RD0152;2.4;90;90;3.76E+17;26.85439729;2.400623344
G_1427;RD0152;2.4;90;108;4.65E+16;31.26264232;2.399145504
G_1428;RD0152;2.4;90;126;5.07E+17;9.124176094;2.399275943
G_1429;RD0152;2.4;90;144;1.21E+18;17.75825011;2.398974689
G_1430;RD0152;2.4;90;162;1.01E+17;14.24396961;2.399157282
G_1431;RD0152;2.4;120;0;3.46E+17;9.329633574;2.399921592
G_1432;RD0152;2.4;120;18;1.47E+17;19.64297144;2.400190837
G_1433;RD0152;2.4;120;36;2.52E+16;21.17588014;2.400260617
G_1434;RD0152;2.4;120;54;3.07E+17;7.046002232;2.399968306
G_1435;RD0152;2.4;120;72;5.44E+17;1.003059468;2.399926524
G_1436;RD0152;2.4;120;90;7.12E+17;29.64167017;2.400076161
G_1437;RD0152;2.4;120;108;2.28E+16;24.27518219;2.399001446
G_1438;RD0152;2.4;120;126;1.30E+17;20.73004148;2.398990917
G_1439;RD0152;2.4;120;144;2.95E+15;26.50203245;2.398953015
G_1440;RD0152;2.4;120;162;3.99E+16;19.84577355;2.398912343
G_1441;RD0152;2.4;150;0;0;0;0
G_1442;RD0152;2.4;150;18;6.94E+16;16.87504408;2.40017659
G_1443;RD0152;2.4;150;36;7.04E+17;15.03861838;2.400261131
G_1444;RD0152;2.4;150;54;6.60E+17;1.001024642;2.400008344
G_1445;RD0152;2.4;150;72;2.09E+18;1.001585131;2.399015205
G_1446;RD0152;2.4;150;90;1.31E+15;29.01198709;2.398933339
G_1447;RD0152;2.4;150;108;3.09E+15;29.63939934;2.398850698
G_1448;RD0152;2.4;150;126;3.43E+15;25.24741559;2.398848875
G_1449;RD0152;2.4;150;144;3.13E+15;23.60085769;2.398816534
G_1450;RD0152;2.4;150;162;2.13E+15;53.7166322;2.39803459
G_1451;RD0152;2.4;180;0;1.23E+14;39.62560313;2.399853223
G_1452;RD0152;2.4;180;18;1.32E+15;30.13070593;2.400259348
G_1453;RD0152;2.4;180;36;2.84E+15;25.72553539;2.400215555
G_1454;RD0152;2.4;180;54;7.32E+17;1.001602822;2.399140687
G_1455;RD0152;2.4;180;72;9.78E+17;1.002756414;2.400168918
G_1456;RD0152;2.4;180;90;7.33E+15;22.85142976;2.398938306
G_1457;RD0152;2.4;180;108;1.22E+17;12.97197758;2.398536018
G_1458;RD0152;2.4;180;126;6.97E+16;22.92229105;2.398283927
G_1459;RD0152;2.4;180;144;0;0;0
G_1460;RD0152;2.4;180;162;0;0;0
G_1461;RD0152;2.4;210;0;0;0;0
G_1462;RD0152;2.4;210;18;0;0;0
G_1463;RD0152;2.4;210;36;6.91E+17;1.001200498;2.400071142
G_1464;RD0152;2.4;210;54;0;0;0
G_1465;RD0152;2.4;210;72;5.29E+17;1.000897618;2.398439384
G_1466;RD0152;2.4;210;90;8.60E+15;21.74778734;2.398963638
G_1467;RD0152;2.4;210;108;0;0;0
G_1468;RD0152;2.4;210;126;0;0;0
G_1469;RD0152;2.4;210;144;0;0;0
G_1470;RD0152;2.4;210;162;0;0;0
G_1471;RD0152;2.4;240;0;1.08E+14;44.08299387;2.399640176
G_1472;RD0152;2.4;240;18;4.27E+16;11.27288352;2.399245701
G_1473;RD0152;2.4;240;36;8.71E+17;1.001224387;2.400192164
G_1474;RD0152;2.4;240;54;4.65E+17;1.000984606;2.398419629
G_1475;RD0152;2.4;240;72;1.27E+18;1.000079882;2.397828797
G_1476;RD0152;2.4;240;90;1.03E+16;20.76863937;2.398995583
G_1477;RD0152;2.4;240;108;5.52E+17;1.000606176;2.397812344
G_1478;RD0152;2.4;240;126;1.21E+18;1.002748383;2.397828199
G_1479;RD0152;2.4;240;144;0;0;0
G_1480;RD0152;2.4;240;162;0;0;0
G_1481;RD0152;2.4;270;0;1.27E+14;44.5273007;2.399565328
G_1482;RD0152;2.4;270;18;0;0;0
G_1483;RD0152;2.4;270;36;3.58E+17;1.000288297;2.398423354
G_1484;RD0152;2.4;270;54;1.75E+16;15.71745041;2.398454389
G_1485;RD0152;2.4;270;72;2.64E+18;1.000328923;2.397220208
G_1486;RD0152;2.4;270;90;0;0;0
G_1487;RD0152;2.4;270;108;0;0;0
G_1488;RD0152;2.4;270;126;4.78E+17;1.001085299;2.397762738
G_1489;RD0152;2.4;270;144;5.68E+17;1.000255751;2.397791397
G_1490;RD0152;2.4;270;162;6.16E+17;1.00050772;2.397808379
G_1491;RD0152;2.4;300;0;0;0;0
G_1492;RD0152;2.4;300;18;1.76E+16;15.26590044;2.398459633
G_1493;RD0152;2.4;300;36;1.73E+16;15.07288814;2.39846856
G_1494;RD0152;2.4;300;54;2.87E+18;1.000363464;2.397286767
G_1495;RD0152;2.4;300;72;4.65E+17;1.001083702;2.40023662
G_1496;RD0152;2.4;300;90;0;0;0
G_1497;RD0152;2.4;300;108;5.17E+17;1.000428082;2.397119297
G_1498;RD0152;2.4;300;126;0;0;0
G_1499;RD0152;2.4;300;144;0;0;0
G_1500;RD0152;2.4;300;162;4.02E+16;15.97450591;2.397776225
G152_2.5;RD0152;2.5;0;0;2.23E+21;299.9962077;2.495219065
G_1501;RD0152;2.5;30;0;8.36E+17;43.08068711;2.500107856
G_1502;RD0152;2.5;30;18;8.13E+17;41.6630325;2.499954151
G_1503;RD0152;2.5;30;36;1.99E+17;57.78753769;2.500480791
G_1504;RD0152;2.5;30;54;7.46E+17;49.96113004;2.500502088
G_1505;RD0152;2.5;30;72;3.05E+18;41.50848577;2.500012987
G_1506;RD0152;2.5;30;90;7.85E+17;35.2800881;2.499551188
G_1507;RD0152;2.5;30;108;2.42E+18;74.38857919;2.500255751
G_1508;RD0152;2.5;30;126;2.40E+18;54.75028903;2.499286013
G_1509;RD0152;2.5;30;144;2.77E+18;55.92223037;2.499191453
G_1510;RD0152;2.5;30;162;9.11E+19;49.53111096;2.498890525
G_1511;RD0152;2.5;60;0;5.58E+17;17.9750001;2.49962384
G_1512;RD0152;2.5;60;18;7.18E+16;28.80464866;2.500662839
G_1513;RD0152;2.5;60;36;2.74E+16;22.51289955;2.500928139
G_1514;RD0152;2.5;60;54;3.66E+17;8.304514075;2.500611547
G_1515;RD0152;2.5;60;72;3.92E+17;18.38345127;2.50027892
G_1516;RD0152;2.5;60;90;4.23E+17;17.83149033;2.500252142
G_1517;RD0152;2.5;60;108;3.05E+17;19.14984189;2.499677786
G_1518;RD0152;2.5;60;126;9.19E+16;40.95631258;2.499565751
G_1519;RD0152;2.5;60;144;6.36E+17;38.46912414;2.499515869
G_1520;RD0152;2.5;60;162;3.57E+17;30.8827166;2.499145589
G_1521;RD0152;2.5;90;0;2.19E+17;18.31223203;2.499662085
G_1522;RD0152;2.5;90;18;7.29E+15;26.86011106;2.500207464
G_1523;RD0152;2.5;90;36;1.51E+15;31.33226469;2.500295101
G_1524;RD0152;2.5;90;54;6.35E+17;13.86547175;2.500405663
G_1525;RD0152;2.5;90;72;7.51E+17;17.98554688;2.499642023
G_1526;RD0152;2.5;90;90;2.31E+17;27.26284767;2.500646388
G_1527;RD0152;2.5;90;108;4.73E+16;30.42972206;2.499163191
G_1528;RD0152;2.5;90;126;5.10E+17;18.15211096;2.499009215
G_1529;RD0152;2.5;90;144;5.61E+17;22.09633112;2.499114065
G_1530;RD0152;2.5;90;162;1.19E+17;19.83682041;2.498987061
G_1531;RD0152;2.5;120;0;4.63E+17;8.653524284;2.499940516
G_1532;RD0152;2.5;120;18;3.73E+16;32.03184406;2.499871225
G_1533;RD0152;2.5;120;36;2.78E+16;20.48096692;2.50028561
G_1534;RD0152;2.5;120;54;1.81E+15;25.34692111;2.50023658
G_1535;RD0152;2.5;120;72;5.24E+17;1.003417469;2.499959115
G_1536;RD0152;2.5;120;90;6.33E+17;30.89981635;2.500184654
G_1537;RD0152;2.5;120;108;2.92E+18;5.028861272;2.499305377
G_1538;RD0152;2.5;120;126;9.42E+16;20.53322854;2.499010825
G_1539;RD0152;2.5;120;144;1.51E+15;27.50889812;2.498959528
G_1540;RD0152;2.5;120;162;3.67E+16;19.15176375;2.498924643
G_1541;RD0152;2.5;150;0;0;0;0
G_1542;RD0152;2.5;150;18;1.29E+17;9.241833906;2.499987818
G_1543;RD0152;2.5;150;36;7.88E+17;9.52574809;2.500271005
G_1544;RD0152;2.5;150;54;4.98E+17;1.009034974;2.500033277
G_1545;RD0152;2.5;150;72;2.10E+18;1.00107224;2.498960533
G_1546;RD0152;2.5;150;90;6.97E+16;19.82444255;2.498940809
G_1547;RD0152;2.5;150;108;7.67E+14;40.85996649;2.498717062
G_1548;RD0152;2.5;150;126;3.32E+15;24.38838498;2.498842842
G_1549;RD0152;2.5;150;144;3.41E+15;22.46749914;2.498817965
G_1550;RD0152;2.5;150;162;1.31E+16;16.59944319;2.498518845
G_1551;RD0152;2.5;180;0;1.23E+14;38.05770442;2.499844503
G_1552;RD0152;2.5;180;18;0;0;0
G_1553;RD0152;2.5;180;36;6.88E+14;30.348903;2.500218579
G_1554;RD0152;2.5;180;54;7.15E+17;1.002168823;2.499169847
G_1555;RD0152;2.5;180;72;1.05E+18;1.002299652;2.500185318
G_1556;RD0152;2.5;180;90;8.13E+15;21.9368284;2.498960644
G_1557;RD0152;2.5;180;108;1.16E+17;13.47910187;2.49853548
G_1558;RD0152;2.5;180;126;1.54E+16;27.42482841;2.498247297
G_1559;RD0152;2.5;180;144;0;0;0
G_1560;RD0152;2.5;180;162;0;0;0
G_1561;RD0152;2.5;210;0;0;0;0
G_1562;RD0152;2.5;210;18;1.24E+15;30.67817658;2.500276368
G_1563;RD0152;2.5;210;36;6.60E+17;1.003228435;2.500083027
G_1564;RD0152;2.5;210;54;0;0;0
G_1565;RD0152;2.5;210;72;4.88E+17;1.000407131;2.498473799
G_1566;RD0152;2.5;210;90;8.13E+15;21.6734648;2.49897521
G_1567;RD0152;2.5;210;108;1.27E+18;56.80539515;2.497001944
G_1568;RD0152;2.5;210;126;0;0;0
G_1569;RD0152;2.5;210;144;0;0;0
G_1570;RD0152;2.5;210;162;0;0;0
G_1571;RD0152;2.5;240;0;1.08E+14;41.64031529;2.499649186
G_1572;RD0152;2.5;240;18;7.98E+16;19.88668973;2.499632271
G_1573;RD0152;2.5;240;36;8.35E+17;1.013062273;2.500215943
G_1574;RD0152;2.5;240;54;3.71E+17;1.00017455;2.498455911
G_1575;RD0152;2.5;240;72;7.27E+17;1.000002857;2.497847682
G_1576;RD0152;2.5;240;90;6.82E+17;1.001167109;2.498918301
G_1577;RD0152;2.5;240;108;6.28E+17;1.000273292;2.497852193
G_1578;RD0152;2.5;240;126;5.98E+17;1.000799112;2.497802525
G_1579;RD0152;2.5;240;144;0;0;0
G_1580;RD0152;2.5;240;162;9.17E+15;21.24421954;2.497688398
G_1581;RD0152;2.5;270;0;1.22E+14;41.67316513;2.499599323
G_1582;RD0152;2.5;270;18;0;0;0
G_1583;RD0152;2.5;270;36;6.79E+17;1.000011466;2.498226633
G_1584;RD0152;2.5;270;54;0;0;0
G_1585;RD0152;2.5;270;72;1.52E+18;1.002562696;2.497459397
G_1586;RD0152;2.5;270;90;3.18E+16;3.965777074;2.498159306
G_1587;RD0152;2.5;270;108;8.65E+17;28.29764246;2.497940283
G_1588;RD0152;2.5;270;126;5.00E+17;1.000013706;2.4978171
G_1589;RD0152;2.5;270;144;5.38E+17;1.000900398;2.497802651
G_1590;RD0152;2.5;270;162;5.28E+17;1.000160298;2.497804782
G_1591;RD0152;2.5;300;0;1.55E+16;16.0822367;2.498457221
G_1592;RD0152;2.5;300;18;1.35E+16;16.22064473;2.498453242
G_1593;RD0152;2.5;300;36;0;0;0
G_1594;RD0152;2.5;300;54;1.84E+16;18.73658312;2.497744233
G_1595;RD0152;2.5;300;72;4.37E+17;1.007193966;2.500243192
G_1596;RD0152;2.5;300;90;0;0;0
G_1597;RD0152;2.5;300;108;1.37E+18;1.000526211;2.496666681
G_1598;RD0152;2.5;300;126;9.35E+17;1.001228975;2.497280893
G_1599;RD0152;2.5;300;144;2.51E+18;1.000062834;2.497349809
G_1600;RD0152;2.5;300;162;1.27E+18;1.006732492;2.497654572
